,V1,V2,V3,V4,V5,V6,V7,V8
3,[Deep Learning and Its Applications in Biomedicine],[NetEPD: A Network-Based Essential Protein Discovery Platform],[TSINGHUA SCIENCE AND TECHNOLOGY],[25],[4],[542-552],[AUG 2020],[1]
5,[Deep Learning and Its Applications in Biomedicine],[Automatic T Staging Using Weakly Supervised Deep Learning for Nasopharyngeal Carcinoma onMRImages],[JOURNAL OF MAGNETIC RESONANCE IMAGING],[52],[4],[1074-1082],[UNSP e27202],[1]
17,[Deep Learning and Its Applications in Biomedicine],[A Survey Machine Learning Algorithms for the Diagnosis of Breast Masses with Mammograms],[CURRENT MEDICAL IMAGING],[16],[6],[639-652],[2020],[]
20,[Deep Learning and Its Applications in Biomedicine],[Artificial Intelligence Technique for Gene Expression by Tumor RNA-Seq Data: A Novel Optimized Deep Learning Approach],[IEEE ACCESS],[8],[],[],[],[2]
21,[Deep Learning and Its Applications in Biomedicine],[Deep Learning Techniques for Automatic Detection of Embryonic Neurodevelopmental Disorders],[DIAGNOSTICS],[10],[1],[],[27],[2]
22,[Deep Learning and Its Applications in Biomedicine],[High-dimensionality Data Analysis of Pharmacological Systems Associated with Complex Diseases],[PHARMACOLOGICAL REVIEWS],[72],[1],[191-217],[JAN 2020],[1]
26,[Deep Learning and Its Applications in Biomedicine],[Non-Linear Dynamics Analysis of Protein Sequences. Application to CYP450],[ENTROPY],[21],[9],[],[852],[1]
27,[Deep Learning and Its Applications in Biomedicine],[Deep Learning and Machine Vision Approaches for Posture Detection of Individual Pigs],[SENSORS],[19],[17],[],[3738],[9]
32,[Deep Learning and Its Applications in Biomedicine],[Deep Learning and Big Data in Healthcare: A Double Review for Critical Beginners],[APPLIED SCIENCES-BASEL],[9],[11],[],[2331],[2]
34,[Deep Learning and Its Applications in Biomedicine],[Using stem cell-derived neurons in drug screening for neurological diseases],[NEUROBIOLOGY OF AGING],[78],[],[],[],[7]
35,[Deep Learning and Its Applications in Biomedicine],[Preparing next-generation scientists for biomedical big data: artificial intelligence approaches],[PERSONALIZED MEDICINE],[16],[3],[247-257],[MAY 2019],[2]
40,[Deep Learning and Its Applications in Biomedicine],[Deep Learning in the Biomedical Applications: Recent and Future Status],[APPLIED SCIENCES-BASEL],[9],[8],[],[1526],[11]
41,[Deep Learning and Its Applications in Biomedicine],[Neural network: A future in pathology?],[ANNALES DE PATHOLOGIE],[39],[2],[119-129],[APR 2019],[4]
42,[Deep Learning and Its Applications in Biomedicine],[Translating the hemodynamic response: why focused interdisciplinary integration should matter for the future of functional neuroimaging],[PEERJ],[7],[],[],[MAR 25 2019],[4]
43,[Deep Learning and Its Applications in Biomedicine],[Computational approaches for the analysis of RNA-protein interactions: A primer for biologists],[JOURNAL OF BIOLOGICAL CHEMISTRY],[294],[1],[1-9],[JAN 4 2019],[2]
44,[Deep Learning and Its Applications in Biomedicine],[Classification of Cancer Drug Compounds for Radiation Protection Optimization Using CART],[FIFTH INFORMATION SYSTEMS INTERNATIONAL CONFERENCE],"[JUL 23-24, 2019]",[],[],[],[]
46,[Deep Learning and Its Applications in Biomedicine],[2D Photogrammetry Image of Scoliosis Lenke Type Classification Using Deep Learning],[2019 IEEE 9TH INTERNATIONAL CONFERENCE ON SYSTEM ENGINEERING AND TECHNOLOGY (ICSET)],"[OCT 07, 2019]",[],[],[],[]
47,[Deep Learning and Its Applications in Biomedicine],[Feature Extraction of ECG Signal by using Deep Feature],[2019 7TH INTERNATIONAL SYMPOSIUM ON DIGITAL FORENSICS AND SECURITY (ISDFS)],"[JUN 10-12, 2019]",[],[],[],[]
49,[Deep Learning and Its Applications in Biomedicine],[A Stacked Autoencoder-Based miRNA Regulatory Module Detection Framework],[INTERNATIONAL JOURNAL OF COMPUTATIONAL INTELLIGENCE SYSTEMS],[12],[2],[822-832],[2019],[]
52,[Deep Learning and Its Applications in Biomedicine],[Object Detection Based on Deep Convolutional Neural Network],[ACTA MICROSCOPICA],[28],[2],[331-338],[2019],[]
55,[Deep Learning and Its Applications in Biomedicine],[Photoplethysmography and Deep Learning: Enhancing Hypertension Risk Stratification],[BIOSENSORS-BASEL],[8],[4],[],[101],[18]
56,[Deep Learning and Its Applications in Biomedicine],[Application of Deep Learning in Biological Mass Spectrometry and Proteomics],[PROGRESS IN BIOCHEMISTRY AND BIOPHYSICS],[45],[12],[1214-1223],[DEC 2018],[1]
57,[Deep Learning and Its Applications in Biomedicine],[Making Expert Decisions Easier to Fathom: On the Explainability of Visual Object Recognition Expertise],[FRONTIERS IN NEUROSCIENCE],[12],[],[],[OCT 12 2018],[1]
60,[YTH Domain: A Family of N-6-methyladenosine (m(6)A) Readers],"[H-1,C-13 and(15)N resonance assignment of the YTH domain of YTHDC2]",[BIOMOLECULAR NMR ASSIGNMENTS],[],[],[],[],[]
63,[YTH Domain: A Family of N-6-methyladenosine (m(6)A) Readers],[N-6-Adenosine methylation on mRNA is recognized by YTH2 domain protein of human malaria parasite Plasmodium falciparum],[EPIGENETICS & CHROMATIN],[13],[1],[],[33],[1]
64,[YTH Domain: A Family of N-6-methyladenosine (m(6)A) Readers],[Roles of METTL3 in cancer: mechanisms and therapeutic targeting],[JOURNAL OF HEMATOLOGY & ONCOLOGY],[13],[1],[],[117],[]
65,[YTH Domain: A Family of N-6-methyladenosine (m(6)A) Readers],[m(6)A Reader: Epitranscriptome Target Prediction and Functional Characterization of N-6-Methyladenosine (m(6)A) Readers],[FRONTIERS IN CELL AND DEVELOPMENTAL BIOLOGY],[8],[],[],[AUG 11 2020],[]
66,[YTH Domain: A Family of N-6-methyladenosine (m(6)A) Readers],[Reshaping the role of m6A modification in cancer transcriptome: a review],[CANCER CELL INTERNATIONAL],[20],[1],[],[353],[]
68,[YTH Domain: A Family of N-6-methyladenosine (m(6)A) Readers],[Mechanisms of RNA N-6-Methyladenosine in Hepatocellular Carcinoma: From the Perspectives of Etiology],[FRONTIERS IN ONCOLOGY],[10],[],[],[JUL 7 2020],[]
69,[YTH Domain: A Family of N-6-methyladenosine (m(6)A) Readers],[m(6)A RNA Methylation Regulators Contribute to Eutopic Endometrium and Myometrium Dysfunction in Adenomyosis],[FRONTIERS IN GENETICS],[11],[],[],[JUL 3 2020],[]
70,[YTH Domain: A Family of N-6-methyladenosine (m(6)A) Readers],[The emerging molecular mechanism of m(6)A modulators in tumorigenesis and cancer progression],[BIOMEDICINE & PHARMACOTHERAPY],[127],[],[],[JUL 2020],[]
71,[YTH Domain: A Family of N-6-methyladenosine (m(6)A) Readers],[N-6-methyladenosine (m(6)A) methylation in ischemia-reperfusion injury],[CELL DEATH & DISEASE],[11],[6],[],[478],[]
74,[YTH Domain: A Family of N-6-methyladenosine (m(6)A) Readers],[Recent developments of small molecules targeting RNA m(6)A modulators],[EUROPEAN JOURNAL OF MEDICINAL CHEMISTRY],[196],[],[],[JUN 15 2020],[]
76,[YTH Domain: A Family of N-6-methyladenosine (m(6)A) Readers],[Ten-eleven translocation proteins and their role beyond DNA demethylation - what we can learn from the fly],[EPIGENETICS],[],[],[],[],[]
77,[YTH Domain: A Family of N-6-methyladenosine (m(6)A) Readers],[Long noncoding RNA pncRNA-D reduces cyclin D1 gene expression and arrests cell cycle through RNA m(6)A modification],[JOURNAL OF BIOLOGICAL CHEMISTRY],[295],[17],[5626-5639],[APR 24 2020],[]
78,[YTH Domain: A Family of N-6-methyladenosine (m(6)A) Readers],[The m(6)A reader YTHDF1 promotes ovarian cancer progression via augmenting EIF3C translation],[NUCLEIC ACIDS RESEARCH],[48],[7],[3816-3831],[APR 17 2020],[13]
81,[YTH Domain: A Family of N-6-methyladenosine (m(6)A) Readers],[Discovering the RNA-Binding Proteome of Plant Leaves with an Improved RNA Interactome Capture Method],[BIOMOLECULES],[10],[4],[],[661],[]
82,[YTH Domain: A Family of N-6-methyladenosine (m(6)A) Readers],[Resveratrol Attenuates Aflatoxin B-1-Induced ROS Formation and Increase of m(6)A RNA Methylation],[ANIMALS],[10],[4],[],[677],[]
83,[YTH Domain: A Family of N-6-methyladenosine (m(6)A) Readers],[Epigenetic modulations of noncoding RNA: a novel dimension of Cancer biology],[MOLECULAR CANCER],[19],[1],[],[64],[2]
84,[YTH Domain: A Family of N-6-methyladenosine (m(6)A) Readers],[Selectively Disrupting m(6)A-Dependent Protein-RNA Interactions with Fragments],[ACS CHEMICAL BIOLOGY],[15],[3],[618-625],[MAR 20 2020],[]
85,[YTH Domain: A Family of N-6-methyladenosine (m(6)A) Readers],[METTL3 Modulates Osteoclast Differentiation and Function by Controlling RNA Stability and Nuclear Export],[INTERNATIONAL JOURNAL OF MOLECULAR SCIENCES],[21],[5],[],[1660],[4]
86,[YTH Domain: A Family of N-6-methyladenosine (m(6)A) Readers],[Expression and Prognostic Significance of m6A-Related Genes in Lung Adenocarcinoma],[MEDICAL SCIENCE MONITOR],[26],[],[],[FEB 22 2020],[3]
87,[YTH Domain: A Family of N-6-methyladenosine (m(6)A) Readers],[N-6-Adenosine Methylation in RNA and a Reduced m(3)G/TMG Level in Non-Coding RNAs Appear at Microirradiation-Induced DNA Lesions],[CELLS],[9],[2],[],[360],[]
88,[YTH Domain: A Family of N-6-methyladenosine (m(6)A) Readers],[YTHDF2 promotes spermagonial adhesion through modulating MMPs decay via m(6)A/mRNA pathway],[CELL DEATH & DISEASE],[11],[1],[],[37],[3]
90,[YTH Domain: A Family of N-6-methyladenosine (m(6)A) Readers],[Transcriptome-wide map of m(6)A circRNAs identified in a rat model of hypoxia mediated pulmonary hypertension],[BMC GENOMICS],[21],[1],[],[39],[1]
91,[YTH Domain: A Family of N-6-methyladenosine (m(6)A) Readers],[The roles and mechanisms of YTH domain-containing proteins in cancer development and progression],[AMERICAN JOURNAL OF CANCER RESEARCH],[10],[4],[1068-1084],[2020],[]
92,[YTH Domain: A Family of N-6-methyladenosine (m(6)A) Readers],[Function and evolution of RNA N6-methyladenosine modification],[INTERNATIONAL JOURNAL OF BIOLOGICAL SCIENCES],[16],[11],[1929-1940],[2020],[1]
94,[YTH Domain: A Family of N-6-methyladenosine (m(6)A) Readers],[YTHDF2 Recognition of N-1-Methyladenosine (m(1)A)-Modified RNA Is Associated with Transcript Destabilization],[ACS CHEMICAL BIOLOGY],[15],[1],[132-139],[JAN 2020],[3]
95,[YTH Domain: A Family of N-6-methyladenosine (m(6)A) Readers],[Dysregulated N6-methyladenosine methylation writer METTL3 contributes to the proliferation and migration of gastric cancer],[JOURNAL OF CELLULAR PHYSIOLOGY],[235],[1],[548-562],[JAN 2020],[21]
97,[YTH Domain: A Family of N-6-methyladenosine (m(6)A) Readers],[The Tudor SND1 protein is an m(6)A RNA reader essential for replication of Kaposi's sarcoma-associated herpesvirus],[ELIFE],[8],[],[],[OCT 24 2019],[3]
100,[YTH Domain: A Family of N-6-methyladenosine (m(6)A) Readers],[Emerging role of m(6)A RNA methylation in nutritional physiology and metabolism],[OBESITY REVIEWS],[21],[1],[],[JAN 2020],[4]
102,[YTH Domain: A Family of N-6-methyladenosine (m(6)A) Readers],[Multivalent m(6)A motifs promote phase separation of YTHDF proteins],[CELL RESEARCH],[29],[9],[767-769],[SEP 2019],[14]
103,[YTH Domain: A Family of N-6-methyladenosine (m(6)A) Readers],[The role of mRNA m(6)A methylation in the nervous system],[CELL AND BIOSCIENCE],[9],[1],[],[66],[11]
107,[YTH Domain: A Family of N-6-methyladenosine (m(6)A) Readers],[Epitranscriptomic RNA Methylation in Plant Development and Abiotic Stress Responses],[FRONTIERS IN PLANT SCIENCE],[10],[],[],[APR 17 2019],[8]
108,[YTH Domain: A Family of N-6-methyladenosine (m(6)A) Readers],[m6A Reader YTHDF2 Regulates LPS-Induced Inflammatory Response],[INTERNATIONAL JOURNAL OF MOLECULAR SCIENCES],[20],[6],[],[1323],[11]
109,[YTH Domain: A Family of N-6-methyladenosine (m(6)A) Readers],[Mechanistic insights into m(6)A RNA enzymes],[BIOCHIMICA ET BIOPHYSICA ACTA-GENE REGULATORY MECHANISMS],[1862],[3],[],[],[15]
110,[YTH Domain: A Family of N-6-methyladenosine (m(6)A) Readers],"[Colocalization of m(6)A and G-Quadruplex-Forming Sequences in Viral RNA (HIV, Zika, Hepatitis B, and SV40) Suggests Topological Control of Adenosine N-6-Methylation]",[ACS CENTRAL SCIENCE],[5],[2],[218-228],[FEB 27 2019],[5]
112,[YTH Domain: A Family of N-6-methyladenosine (m(6)A) Readers],[Epitranscriptomic m6A modification in the stem cell field and its effects on cell death and survival],[AMERICAN JOURNAL OF CANCER RESEARCH],[9],[4],[752-764],[2019],[4]
113,[YTH Domain: A Family of N-6-methyladenosine (m(6)A) Readers],"[Novel positioning from obesity to cancer: FTO, an m(6)A RNA demethylase, regulates tumour progression]",[JOURNAL OF CANCER RESEARCH AND CLINICAL ONCOLOGY],[145],[1],[19-29],[JAN 2019],[15]
115,[YTH Domain: A Family of N-6-methyladenosine (m(6)A) Readers],[Metronidazole Causes Skeletal Muscle Atrophy and Modulates Muscle Chronometabolism],[INTERNATIONAL JOURNAL OF MOLECULAR SCIENCES],[19],[8],[],[2418],[5]
121,[Human Gut Microbiota and Gastrointestinal Cancer],[Gastrointestinal Disorders and Metabolic Syndrome: Dysbiosis as a Key Link and Common Bioactive Dietary Components Useful for their Treatment],[INTERNATIONAL JOURNAL OF MOLECULAR SCIENCES],[21],[14],[],[4929],[1]
125,[Human Gut Microbiota and Gastrointestinal Cancer],"[Fungal Gut Microbiota Dysbiosis and Its Role in Colorectal, Oral, and Pancreatic Carcinogenesis]",[CANCERS],[12],[5],[],[1326],[]
126,[Human Gut Microbiota and Gastrointestinal Cancer],[Colorectal Cancer and Probiotics: Are Bugs Really Drugs?],[CANCERS],[12],[5],[],[1162],[]
129,[Human Gut Microbiota and Gastrointestinal Cancer],[Relationship Between Adverse Events and Microbiomes in Advanced Hepatocellular Carcinoma Patients Treated With Sorafenib],[ANTICANCER RESEARCH],[40],[2],[665-676],[FEB 2020],[]
131,[Human Gut Microbiota and Gastrointestinal Cancer],[Biomarkers of a Healthy Nordic Diet-From Dietary Exposure Biomarkers to Microbiota Signatures in the Metabolome],[NUTRIENTS],[12],[1],[],[27],[2]
132,[Human Gut Microbiota and Gastrointestinal Cancer],[Commentary: Bacterial infiltration in structural heart valve disease-Do these new insights have profound consequences?],[JOURNAL OF THORACIC AND CARDIOVASCULAR SURGERY],[159],[1],[127-128],[JAN 2020],[]
134,[Human Gut Microbiota and Gastrointestinal Cancer],[Gut microbiota from colorectal cancer patients enhances the progression of intestinal adenoma in Apc (min/+) mice],[EBIOMEDICINE],[48],[],[],[],[8]
136,[Human Gut Microbiota and Gastrointestinal Cancer],[Probiotics in Food Systems: Significance and Emerging Strategies Towards Improved Viability and Delivery of Enhanced Beneficial Value],[NUTRIENTS],[11],[7],[],[1591],[30]
138,[Human Gut Microbiota and Gastrointestinal Cancer],[Proteomics and the microbiome: pitfalls and potential],[EXPERT REVIEW OF PROTEOMICS],[16],[6],[501-511],[JUN 3 2019],[5]
139,[Human Gut Microbiota and Gastrointestinal Cancer],[Differential Helicobacter pylori Plasticity in the Gastric Niche of Subjects at Increased Gastric Cancer Risk],[PATHOGENS],[8],[2],[],[65],[1]
140,[Human Gut Microbiota and Gastrointestinal Cancer],[Young-onset rectal cancer patients: in need of answers],[FUTURE ONCOLOGY],[15],[10],[1053-1055],[APR 2019],[2]
143,[Human Gut Microbiota and Gastrointestinal Cancer],[The Interplay between Immunity and Microbiota at Intestinal Immunological Niche: The Case of Cancer],[INTERNATIONAL JOURNAL OF MOLECULAR SCIENCES],[20],[3],[],[501],[9]
146,[Human Gut Microbiota and Gastrointestinal Cancer],[Interactions Between Food and Gut Microbiota: Impact on Human Health],"[ANNUAL REVIEW OF FOOD SCIENCE AND TECHNOLOGY, VOL 10]",[Annual Review of Food Science and Technology],[10],[389-408],[2019],[8]
147,[Human Gut Microbiota and Gastrointestinal Cancer],[A Systematic Overview of Type II and III Toxin-Antitoxin Systems with a Focus on Druggability],[TOXINS],[10],[12],[],[515],[8]
148,[Human Gut Microbiota and Gastrointestinal Cancer],[Butyrate upregulates the TLR4 expression and the phosphorylation of MAPKs and NK-B in colon cancer cell in vitro],[ONCOLOGY LETTERS],[16],[4],[4439-4447],[OCT 2018],[7]
150,[Human Gut Microbiota and Gastrointestinal Cancer],[Lactobacillus casei Variety rhamnosus Probiotic Preventively Attenuates 5-Fluorouracil/Oxaliplatin-Induced Intestinal Injury in a Syngeneic Colorectal Cancer Model],[FRONTIERS IN MICROBIOLOGY],[9],[],[],[MAY 15 2018],[24]
151,[CIRCpedia v2: An Updated Database for Comprehensive Circular RNA Annotation and Expression Comparison],[New Insight of Circular RNAs in Human Musculoskeletal Diseases],[DNA AND CELL BIOLOGY],[],[],[],[],[]
152,[CIRCpedia v2: An Updated Database for Comprehensive Circular RNA Annotation and Expression Comparison],[The mechanism and detection of alternative splicing events in circular RNAs],[PEERJ],[8],[],[],[SEP 25 2020],[]
154,[CIRCpedia v2: An Updated Database for Comprehensive Circular RNA Annotation and Expression Comparison],[Circular RNAs in Hematopoiesis with a Focus on Acute Myeloid Leukemia and Myelodysplastic Syndrome],[INTERNATIONAL JOURNAL OF MOLECULAR SCIENCES],[21],[17],[],[5972],[]
156,[CIRCpedia v2: An Updated Database for Comprehensive Circular RNA Annotation and Expression Comparison],[Principles and innovative technologies for decrypting noncoding RNAs: from discovery and functional prediction to clinical application],[JOURNAL OF HEMATOLOGY & ONCOLOGY],[13],[1],[],[109],[]
160,[CIRCpedia v2: An Updated Database for Comprehensive Circular RNA Annotation and Expression Comparison],[CircMiner: accurate and rapid detection of circular RNA through splice-aware pseudo-alignment scheme],[BIOINFORMATICS],[36],[12],[3703-3711],[JUN 15 2020],[1]
162,[CIRCpedia v2: An Updated Database for Comprehensive Circular RNA Annotation and Expression Comparison],[iCDA-CGR: Identification of circRNA-disease associations based on Chaos Game Representation],[PLOS COMPUTATIONAL BIOLOGY],[16],[5],[],[e1007872],[]
163,[CIRCpedia v2: An Updated Database for Comprehensive Circular RNA Annotation and Expression Comparison],[CircAtlas: an integrated resource of one million highly accurate circular RNAs from 1070 vertebrate transcriptomes],[GENOME BIOLOGY],[21],[1],[],[101],[3]
166,[CIRCpedia v2: An Updated Database for Comprehensive Circular RNA Annotation and Expression Comparison],[The Regulatory Functions of Circular RNAs in Digestive System Cancers],[CANCERS],[12],[3],[],[770],[1]
167,[CIRCpedia v2: An Updated Database for Comprehensive Circular RNA Annotation and Expression Comparison],[circRNAs Signature as Potential Diagnostic and Prognostic Biomarker for Diabetes Mellitus and Related Cardiovascular Complications],[CELLS],[9],[3],[],[659],[4]
168,[CIRCpedia v2: An Updated Database for Comprehensive Circular RNA Annotation and Expression Comparison],"[Genome-wide, integrative analysis of circular RNA dysregulation and the corresponding circular RNA-microRNA-mRNA regulatory axes in autism]",[GENOME RESEARCH],[30],[3],[375-391],[MAR 2020],[4]
173,[CIRCpedia v2: An Updated Database for Comprehensive Circular RNA Annotation and Expression Comparison],[miR-488-3p sponged by circ-0000495 and mediated upregulation of TROP2 in head and neck squamous cell carcinoma development],[JOURNAL OF CANCER],[11],[11],[3375-3386],[2020],[]
174,[CIRCpedia v2: An Updated Database for Comprehensive Circular RNA Annotation and Expression Comparison],[Circular RNAs: The star molecules in cancer],[MOLECULAR ASPECTS OF MEDICINE],[70],[SI],[141-152],[DEC 2019],[22]
175,[CIRCpedia v2: An Updated Database for Comprehensive Circular RNA Annotation and Expression Comparison],[The Uroboros Theory of Life's Origin: 22-Nucleotide Theoretical Minimal RNA Rings Reflect Evolution of Genetic Code and tRNA-rRNA Translation Machineries],[ACTA BIOTHEORETICA],[67],[4],[273-297],[DEC 2019],[12]
177,[CIRCpedia v2: An Updated Database for Comprehensive Circular RNA Annotation and Expression Comparison],[Role of circular RNA in hematological malignancies],[ONCOLOGY LETTERS],[18],[5],[4385-4392],[NOV 2019],[4]
180,[CIRCpedia v2: An Updated Database for Comprehensive Circular RNA Annotation and Expression Comparison],[Circular RNAs: A novel target among non-coding RNAs with potential roles in malignant tumors],[MOLECULAR MEDICINE REPORTS],[20],[4],[3463-3474],[OCT 2019],[5]
186,[HCCDB: A Database of Hepatocellular Carcinoma Expression Atlas],"[ASTN1 is associated with immune infiltrates in hepatocellular carcinoma, and inhibits the migratory and invasive capacity of liver cancer via the Wnt/beta-catenin signaling pathway]",[ONCOLOGY REPORTS],[44],[4],[1425-1440],[OCT 2020],[]
188,[HCCDB: A Database of Hepatocellular Carcinoma Expression Atlas],[BRCA1 Is a Novel Prognostic Indicator and Associates with Immune Cell Infiltration in Hepatocellular Carcinoma],[DNA AND CELL BIOLOGY],[39],[10],[1838-1849],[OCT 1 2020],[]
190,[HCCDB: A Database of Hepatocellular Carcinoma Expression Atlas],"[CDK1, CCNB1, and CCNB2 are Prognostic Biomarkers and Correlated with Immune Infiltration in Hepatocellular Carcinoma]",[MEDICAL SCIENCE MONITOR],[26],[],[],[AUG 31 2020],[]
194,[HCCDB: A Database of Hepatocellular Carcinoma Expression Atlas],[Systematic summarization of the expression profiles and prognostic roles of thedishevelledgene family in hepatocellular carcinoma],[MOLECULAR GENETICS & GENOMIC MEDICINE],[8],[9],[],[e1384],[]
195,[HCCDB: A Database of Hepatocellular Carcinoma Expression Atlas],[ZNF143-Mediated H3K9 Trimethylation Upregulates CDC6 by Activating MDIG in Hepatocellular Carcinoma],[CANCER RESEARCH],[80],[12],[2599-2611],[JUN 15 2020],[]
210,[HCCDB: A Database of Hepatocellular Carcinoma Expression Atlas],"[Overexpression of COL24A1 in Hepatocellular Carcinoma Predicts Poor Prognosis: A Study Based on Multiple Databases, Clinical Samples and Cell Lines]",[ONCOTARGETS AND THERAPY],[13],[],[],[],[]
211,[HCCDB: A Database of Hepatocellular Carcinoma Expression Atlas],[Bioinformatics Analysis and RNA-Sequencing of SCAMP3 Expression and Correlated Gene Regulation in Hepatocellular Carcinoma],[ONCOTARGETS AND THERAPY],[13],[],[],[],[1]
221,[Microvesicles as Emerging Biomarkers and Therapeutic Targets in Cardiometabolic Diseases],[Effect of Physical Exercise on the Release of Microparticles with Angiogenic Potential],[APPLIED SCIENCES-BASEL],[10],[14],[],[4871],[]
222,[Microvesicles as Emerging Biomarkers and Therapeutic Targets in Cardiometabolic Diseases],"[Stroke Classification: Critical Role of Unusually Large von Willebrand Factor Multimers and Tissue Factor on Clinical Phenotypes Based on Novel ""Two-Path Unifying Theory"" of Hemostasis]",[CLINICAL AND APPLIED THROMBOSIS-HEMOSTASIS],[26],[],[],[JUN 24 2020],[]
225,[Microvesicles as Emerging Biomarkers and Therapeutic Targets in Cardiometabolic Diseases],[Annexin V+ Microvesicles in Children and Adolescents with Type 1 Diabetes: A Prospective Cohort Study],[JOURNAL OF DIABETES RESEARCH],[2020],[],[],[MAR 30 2020],[]
226,[Microvesicles as Emerging Biomarkers and Therapeutic Targets in Cardiometabolic Diseases],[Intravenous Administration of Allogenic Cell-Derived Microvesicles of Healthy Origins Defends Against Atherosclerotic Cardiovascular Disease Development by a Direct Action on Endothelial Progenitor Cells],[CELLS],[9],[2],[],[423],[]
227,[Microvesicles as Emerging Biomarkers and Therapeutic Targets in Cardiometabolic Diseases],[Non-Exosomal and Exosomal Circulatory MicroRNAs: Which Are More Valid as Biomarkers?],[FRONTIERS IN PHARMACOLOGY],[10],[],[],[JAN 20 2020],[1]
229,[Microvesicles as Emerging Biomarkers and Therapeutic Targets in Cardiometabolic Diseases],[Current understanding of the role of Adipose-derived Extracellular Vesicles in Metabolic Homeostasis and Diseases: Communication from the distance between cells/tissues],[THERANOSTICS],[10],[16],[7422-7435],[2020],[2]
232,[Microvesicles as Emerging Biomarkers and Therapeutic Targets in Cardiometabolic Diseases],[On the Road to Accurate Biomarkers for Cardiometabolic Diseases by Integrating Precision and Gender Medicine Approaches],[INTERNATIONAL JOURNAL OF MOLECULAR SCIENCES],[20],[23],[],[6015],[1]
236,[Microvesicles as Emerging Biomarkers and Therapeutic Targets in Cardiometabolic Diseases],[Mitochondria Are a Subset of Extracellular Vesicles Released by Activated Monocytes and Induce Type I IFN and TNF Responses in Endothelial Cells],[CIRCULATION RESEARCH],[125],[1],[43-52],[JUN 21 2019],[16]
240,[Microvesicles as Emerging Biomarkers and Therapeutic Targets in Cardiometabolic Diseases],[There Is Selective Increase in Pro-thrombotic Circulating Extracellular Vesicles in Acute Ischemic Stroke and Transient Ischemic Attack: A Study of Patients From the Middle East and Southeast Asia],[FRONTIERS IN NEUROLOGY],[10],[],[],[MAR 19 2019],[2]
242,[Microvesicles as Emerging Biomarkers and Therapeutic Targets in Cardiometabolic Diseases],[Salivary extracellular vesicles versus whole saliva: new perspectives for the identification of proteomic biomarkers in Sjogren's syndrome],[CLINICAL AND EXPERIMENTAL RHEUMATOLOGY],[37],[3],[],[],[2]
243,[Microvesicles as Emerging Biomarkers and Therapeutic Targets in Cardiometabolic Diseases],[Endothelial Extracellular Vesicles Produced by Senescent Cells: Pathophysiological Role in the Cardiovascular Disease Associated with all Types of Diabetes Mellitus],[CURRENT VASCULAR PHARMACOLOGY],[17],[5],[447-454],[2019],[5]
245,[Microvesicles as Emerging Biomarkers and Therapeutic Targets in Cardiometabolic Diseases],[Large Extracellular Vesicles: Have We Found the Holy Grail of Inflammation?],[FRONTIERS IN IMMUNOLOGY],[9],[],[],[DEC 13 2018],[19]
246,[Microvesicles as Emerging Biomarkers and Therapeutic Targets in Cardiometabolic Diseases],[Senescent Microvesicles: A Novel Advance in Molecular Mechanisms of Atherosclerotic Calcification],[INTERNATIONAL JOURNAL OF MOLECULAR SCIENCES],[19],[7],[],[2003],[10]
247,[Microvesicles as Emerging Biomarkers and Therapeutic Targets in Cardiometabolic Diseases],[A comprehensive study of calcific aortic stenosis: from rabbit to human samples],[DISEASE MODELS & MECHANISMS],[11],[6],[],[dmm033423],[2]
250,[Identification and Analysis of Human Sex-biased MicroRNAs],[What's Sex Got to Do With COVID-19? Gender-Based Differences in the Host Immune Response to Coronaviruses],[FRONTIERS IN IMMUNOLOGY],[11],[],[],[AUG 28 2020],[]
252,[Identification and Analysis of Human Sex-biased MicroRNAs],[Approaching Sex Differences in Cardiovascular Non-Coding RNA Research],[INTERNATIONAL JOURNAL OF MOLECULAR SCIENCES],[],[],[],[],[]
253,[Identification and Analysis of Human Sex-biased MicroRNAs],[Expression of miR-135b in Psoriatic Skin and Its Association with Disease Improvement],[CELLS],[9],[7],[],[1603],[]
254,[Identification and Analysis of Human Sex-biased MicroRNAs],[Mechanistic Models of Signaling Pathways Reveal the Drug Action Mechanisms behind Gender-Specific Gene Expression for Cancer Treatments],[CELLS],[9],[7],[],[1579],[]
255,[Identification and Analysis of Human Sex-biased MicroRNAs],[miRNA Clusters with Down-Regulated Expression in Human Colorectal Cancer and Their Regulation],[INTERNATIONAL JOURNAL OF MOLECULAR SCIENCES],[21],[13],[],[4633],[]
256,[Identification and Analysis of Human Sex-biased MicroRNAs],[Dysregulation of microRNA Modulatory Network in Abdominal Aortic Aneurysm],[JOURNAL OF CLINICAL MEDICINE],[9],[6],[],[1974],[1]
265,[Identification and Analysis of Human Sex-biased MicroRNAs],[Meta-Analysis of Differential miRNA Expression after Bariatric Surgery],[JOURNAL OF CLINICAL MEDICINE],[8],[8],[],[1220],[]
267,[Identification and Analysis of Human Sex-biased MicroRNAs],[Age-Related Differences in miRNA Expression in Mexican-American Newborns and Children],[INTERNATIONAL JOURNAL OF ENVIRONMENTAL RESEARCH AND PUBLIC HEALTH],[16],[4],[],[524],[1]
268,[Identification and Analysis of Human Sex-biased MicroRNAs],[MiRNAs from DLK1-DIO3 Imprinted Locus at 14q32 are Associated with Multiple Sclerosis: Gender-Specific Expression and Regulation of Receptor Tyrosine Kinases Signaling],[CELLS],[8],[2],[],[133],[5]
269,[Identification and Analysis of Human Sex-biased MicroRNAs],[microRNAs in Autism Spectrum Disorders],[CURRENT PHARMACEUTICAL DESIGN],[25],[41],[4368-4378],[2019],[2]
273,[VASC: Dimension Reduction and Visualization of Single-cell RNA-seq Data by Deep Variational Autoencoder],[Uncovering the key dimensions of high-throughput biomolecular data using deep learning],[NUCLEIC ACIDS RESEARCH],[48],[10],[],[e56],[1]
287,[VASC: Dimension Reduction and Visualization of Single-cell RNA-seq Data by Deep Variational Autoencoder],[Perspectives on defining cell types in the brain],[CURRENT OPINION IN NEUROBIOLOGY],[56],[],[],[],[3]
289,[VASC: Dimension Reduction and Visualization of Single-cell RNA-seq Data by Deep Variational Autoencoder],[Single-cell RNA-seq denoising using a deep count autoencoder],[NATURE COMMUNICATIONS],[10],[],[],[JAN 23 2019],[67]
291,[Reversible RNA Modification N-1 - methyladenosine (m(1)A) in mRNA and tRNA],[m(1)A Regulator TRMT10C Predicts Poorer Survival and Contributes to Malignant Behavior in Gynecological Cancers],[DNA AND CELL BIOLOGY],[39],[10],[1767-1778],[OCT 1 2020],[]
292,[Reversible RNA Modification N-1 - methyladenosine (m(1)A) in mRNA and tRNA],[A Census and Categorization Method of Epitranscriptomic Marks],[INTERNATIONAL JOURNAL OF MOLECULAR SCIENCES],[21],[13],[],[4684],[]
294,[Reversible RNA Modification N-1 - methyladenosine (m(1)A) in mRNA and tRNA],[The Emerging Roles of RNA Modifications in Glioblastoma],[CANCERS],[12],[3],[],[736],[1]
297,[Reversible RNA Modification N-1 - methyladenosine (m(1)A) in mRNA and tRNA],[N-6-Adenosine Methylation in RNA and a Reduced m(3)G/TMG Level in Non-Coding RNAs Appear at Microirradiation-Induced DNA Lesions],[CELLS],[9],[2],[],[360],[]
299,[Reversible RNA Modification N-1 - methyladenosine (m(1)A) in mRNA and tRNA],[Synthesis of a pH-Responsive Functional Covalent Organic Framework via Facile and Rapid One-Step Postsynthetic Modification and Its Application in Highly Efficient N(1-)Methyladenosine Extraction],[ANALYTICAL CHEMISTRY],[92],[1],[1424-1430],[JAN 7 2020],[2]
300,[Reversible RNA Modification N-1 - methyladenosine (m(1)A) in mRNA and tRNA],"[Dysregulations of Functional RNA Modifications in Cancer, Cancer Stemness and Cancer Therapeutics]",[THERANOSTICS],[10],[7],[3164-3189],[2020],[1]
301,[Reversible RNA Modification N-1 - methyladenosine (m(1)A) in mRNA and tRNA],[An Emerging Role for isomiRs and the microRNA Epitranscriptome in Neovascularization],[CELLS],[9],[1],[],[61],[2]
302,[Reversible RNA Modification N-1 - methyladenosine (m(1)A) in mRNA and tRNA],[tRNA cleavage: a new insight],[NEURAL REGENERATION RESEARCH],[15],[1],[47-52],[PMID 31535642],[6]
310,[Reversible RNA Modification N-1 - methyladenosine (m(1)A) in mRNA and tRNA],[Epitranscriptomic Signatures in lncRNAs and Their Possible Roles in Cancer],[GENES],[10],[1],[],[52],[16]
313,[The Role of Exportin-5 in MicroRNA Biogenesis and Cancer],[Key Regulatory miRNAs and their Interplay with Mechanosensing and Mechanotransduction Signaling Pathways in Breast Cancer Progression],[MOLECULAR CANCER RESEARCH],[18],[8],[1113-1128],[AUG 2020],[1]
315,[The Role of Exportin-5 in MicroRNA Biogenesis and Cancer],[mRNA METABOLISM IN CARDIAC DEVELOPMENT AND DISEASE: LIFE AFTER TRANSCRIPTION],[PHYSIOLOGICAL REVIEWS],[100],[2],[673-694],[APR 2020],[1]
318,[The Role of Exportin-5 in MicroRNA Biogenesis and Cancer],[Regulatory Mechanism of MicroRNA Expression in Cancer],[INTERNATIONAL JOURNAL OF MOLECULAR SCIENCES],[21],[5],[],[1723],[8]
319,[The Role of Exportin-5 in MicroRNA Biogenesis and Cancer],[Micro-RNA and the Features of Metabolic Syndrome: A Narrative Review],[MINI-REVIEWS IN MEDICINAL CHEMISTRY],[20],[7],[626-635],[2020],[]
324,[The Role of Exportin-5 in MicroRNA Biogenesis and Cancer],[Targeting Nuclear Exporter Protein XPO1/CRM1 in Gastric Cancer],[INTERNATIONAL JOURNAL OF MOLECULAR SCIENCES],[20],[19],[],[4826],[3]
326,[The Role of Exportin-5 in MicroRNA Biogenesis and Cancer],[Metabolism and Autoimmune Responses: The microRNA Connection],[FRONTIERS IN IMMUNOLOGY],[10],[],[],[AUG 28 2019],[7]
328,[The Role of Exportin-5 in MicroRNA Biogenesis and Cancer],[Antitumor Effect of Pyrogallol via miR-134 Mediated S Phase Arrest and Inhibition of PI3K/AKT/Skp2/cMyc Signaling in Hepatocellular Carcinoma],[INTERNATIONAL JOURNAL OF MOLECULAR SCIENCES],[20],[16],[],[3985],[]
332,[The Role of Exportin-5 in MicroRNA Biogenesis and Cancer],[Involving the microRNA Targetome in Esophageal-Cancer Development and Behavior],[CANCERS],[10],[10],[],[381],[4]
334,[Recent Advances in Function-based Metagenomic Screening],[On microbial community ofPyropia haitanensisby metagenomic analysis],[JOURNAL OF OCEANOLOGY AND LIMNOLOGY],[],[],[],[],[]
336,[Recent Advances in Function-based Metagenomic Screening],[Rapid Enrichment and Isolation of Polyphosphate-Accumulating Organisms Through 4'6-Diamidino-2-Phenylindole (DAPI) Staining With Fluorescence-Activated Cell Sorting (FACS)],[FRONTIERS IN MICROBIOLOGY],[11],[],[],[APR 30 2020],[]
339,[Recent Advances in Function-based Metagenomic Screening],[A Rapid Method for the Selection of Amidohydrolases from Metagenomic Libraries by Applying Synthetic Nucleosides and a Uridine Auxotrophic Host],[CATALYSTS],[10],[4],[],[445],[]
340,[Recent Advances in Function-based Metagenomic Screening],[Recombinant expression and characterization of two glycoside hydrolases from extreme alklinphilic bacterium Cellulomonas bogoriensis 69B4(T)],[AMB EXPRESS],[10],[1],[],[44],[]
343,[Recent Advances in Function-based Metagenomic Screening],[Extremophile Microbial Communities and Enzymes for Bioenergetic Application Based on Multi-Omics Tools],[CURRENT GENOMICS],[21],[4],[240-252],[2020],[1]
344,[Recent Advances in Function-based Metagenomic Screening],"[Secondary Metabolites from Gorgonian Corals of the Genus Eunicella: Structural Characterizations, Biological Activities, and Synthetic Approaches]",[MOLECULES],[25],[1],[],[129],[1]
348,[Recent Advances in Function-based Metagenomic Screening],[Dextran Aldehyde in Biocatalysis: More Than a Mere Immobilization System],[CATALYSTS],[9],[7],[],[622],[9]
353,[DeepNitro: Prediction of Protein Nitration and Nitrosylation Sites by Deep Learning],[Role of Nitric Oxide Carried by Hemoglobin in Cardiovascular Physiology Developments on a Three-Gas Respiratory Cycle],[CIRCULATION RESEARCH],[126],[1],[129-158],[JAN 3 2020],[4]
355,[DeepNitro: Prediction of Protein Nitration and Nitrosylation Sites by Deep Learning],"[3-Nitrotyrosine and related derivatives in proteins: precursors, radical intermediates and impact in function]",[PROTEIN OXIDATION],[Essays in Biochemistry],[64],[],[],[3]
356,[DeepNitro: Prediction of Protein Nitration and Nitrosylation Sites by Deep Learning],[y Identification of Protein Lysine Crotonylation Sites by a Deep Learning Framework With Convolutional Neural Networks],[IEEE ACCESS],[8],[],[],[],[1]
357,[DeepNitro: Prediction of Protein Nitration and Nitrosylation Sites by Deep Learning],[K & x005F;net: Lysine Malonylation Sites Identification With Neural Network],[IEEE ACCESS],[8],[],[],[],[]
358,[DeepNitro: Prediction of Protein Nitration and Nitrosylation Sites by Deep Learning],[Prediction of S-nitrosylation sites by integrating support vector machines and random forest],[MOLECULAR OMICS],[15],[6],[451-458],[DEC 1 2019],[11]
360,[DeepNitro: Prediction of Protein Nitration and Nitrosylation Sites by Deep Learning],[DeepPhos: prediction of protein phosphorylation sites with deep learning],[BIOINFORMATICS],[35],[16],[2766-2773],[AUG 15 2019],[16]
361,[DeepNitro: Prediction of Protein Nitration and Nitrosylation Sites by Deep Learning],[Precise Prediction of Calpain Cleavage Sites and Their Aberrance Caused by Mutations in Cancer],[FRONTIERS IN GENETICS],[10],[],[],[AUG 8 2019],[]
363,[DeepNitro: Prediction of Protein Nitration and Nitrosylation Sites by Deep Learning],[iRBP-Motif-PSSM: Identification of RNA-Binding Proteins Based on Collaborative Learning],[IEEE ACCESS],[7],[],[],[],[]
367,[5-Hydroxymethylome in Circulating Cell-free DNA as A Potential Biomarker for Non-small-cell Lung Cancer],[Hydroxymethylation and tumors: can 5-hydroxymethylation be used as a marker for tumor diagnosis and treatment?],[HUMAN GENOMICS],[14],[1],[],[15],[1]
369,[5-Hydroxymethylome in Circulating Cell-free DNA as A Potential Biomarker for Non-small-cell Lung Cancer],"[Biomarkers, Biosensors and Biomedicine]",[CURRENT MEDICINAL CHEMISTRY],[27],[21],[3519-3533],[2020],[1]
370,[5-Hydroxymethylome in Circulating Cell-free DNA as A Potential Biomarker for Non-small-cell Lung Cancer],[Laboratory diagnostics in medicine],[TERAPEVTICHESKII ARKHIV],[92],[4],[4-8],[2020],[]
372,[5-Hydroxymethylome in Circulating Cell-free DNA as A Potential Biomarker for Non-small-cell Lung Cancer],[Novel Epigenetic Biomarkers in Pregnancy-Related Disorders and Cancers],[CELLS],[8],[11],[],[1459],[1]
373,[5-Hydroxymethylome in Circulating Cell-free DNA as A Potential Biomarker for Non-small-cell Lung Cancer],[Cell-Free DNA Methylation Profiling Analysis-Technologies and Bioinformatics],[CANCERS],[11],[11],[],[1741],[1]
377,[5-Hydroxymethylome in Circulating Cell-free DNA as A Potential Biomarker for Non-small-cell Lung Cancer],[Towards precision medicine: advances in 5-hydroxymethylcytosine cancer biomarker discovery in liquid biopsy],[CANCER COMMUNICATIONS],[39],[],[],[MAR 29 2019],[12]
382,[Structural Insights into N-6-methyladenosine (m(6)A) Modification in the Transcriptome],"[Sex-Dependent RNA Editing andN6-adenosine RNA Methylation Profiling in the Gonads of a Fish, the Olive Flounder (Paralichthys olivaceus)]",[FRONTIERS IN CELL AND DEVELOPMENTAL BIOLOGY],[8],[],[],[AUG 5 2020],[]
385,[Structural Insights into N-6-methyladenosine (m(6)A) Modification in the Transcriptome],[VIRMA-Dependent N6-Methyladenosine Modifications Regulate the Expression of Long Non-Coding RNAs CCAT1 and CCAT2 in Prostate Cancer],[CANCERS],[12],[4],[],[771],[2]
386,[Structural Insights into N-6-methyladenosine (m(6)A) Modification in the Transcriptome],[Profiles of m(6)A RNA methylation regulators for the prognosis of hepatocellular carcinoma],[ONCOLOGY LETTERS],[19],[4],[3296-3306],[APR 2020],[]
387,[Structural Insights into N-6-methyladenosine (m(6)A) Modification in the Transcriptome],[N-6-Adenosine Methylation in RNA and a Reduced m(3)G/TMG Level in Non-Coding RNAs Appear at Microirradiation-Induced DNA Lesions],[CELLS],[9],[2],[],[360],[]
388,[Structural Insights into N-6-methyladenosine (m(6)A) Modification in the Transcriptome],[Function and evolution of RNA N6-methyladenosine modification],[INTERNATIONAL JOURNAL OF BIOLOGICAL SCIENCES],[16],[11],[1929-1940],[2020],[1]
390,[Structural Insights into N-6-methyladenosine (m(6)A) Modification in the Transcriptome],[N-6-methyladenosine could indirectly modulate translation in human cancer cells via cis-elements],[TRANSLATIONAL CANCER RESEARCH],[8],[5],[1931-1938],[SEP 2019],[1]
391,[Structural Insights into N-6-methyladenosine (m(6)A) Modification in the Transcriptome],[Bisubstrate analogues as structural tools to investigate m(6)A methyltransferase active sites],[RNA BIOLOGY],[16],[6],[798-808],[JUN 3 2019],[5]
392,[Structural Insights into N-6-methyladenosine (m(6)A) Modification in the Transcriptome],[METTL3 inhibits BMSC adipogenic differentiation by targeting the JAK1/STAT5/C/EBP beta pathway via an m(6)A-YTHDF2-dependent manner],[FASEB JOURNAL],[33],[6],[7529-7544],[JUN 2019],[17]
393,[Structural Insights into N-6-methyladenosine (m(6)A) Modification in the Transcriptome],[Regulation of Virus Replication and T Cell Homeostasis by N-6-Methyladenosine],[VIROLOGICA SINICA],[34],[1],[22-29],[FEB 2019],[]
395,[Structural Insights into N-6-methyladenosine (m(6)A) Modification in the Transcriptome],[Modulation of Bacterial sRNAs Activity by Epigenetic Modifications: Inputs from the Eukaryotic miRNAs],[GENES],[10],[1],[],[22],[2]
396,[Structural Insights into N-6-methyladenosine (m(6)A) Modification in the Transcriptome],[METTL3-mediated N-6-methyladenosine mRNA modification enhances long-term memory consolidation],[CELL RESEARCH],[28],[11],[1050-1061],[NOV 2018],[25]
397,[Structural Insights into N-6-methyladenosine (m(6)A) Modification in the Transcriptome],[The Emerging Role of Epitranscriptomics in Cancer: Focus on Urological Tumors],[GENES],[9],[11],[],[552],[16]
398,[m(6)A Regulates Neurogenesis and Neuronal Development by Modulating Histone Methyltransferase Ezh2],[New Insights on the Role ofN(6)-Methyladenosine RNA Methylation in the Physiology and Pathology of the Nervous System],[FRONTIERS IN MOLECULAR BIOSCIENCES],[7],[],[],[SEP 2 2020],[]
399,[m(6)A Regulates Neurogenesis and Neuronal Development by Modulating Histone Methyltransferase Ezh2],[m(6)A Reader: Epitranscriptome Target Prediction and Functional Characterization of N-6-Methyladenosine (m(6)A) Readers],[FRONTIERS IN CELL AND DEVELOPMENTAL BIOLOGY],[8],[],[],[AUG 11 2020],[]
400,[m(6)A Regulates Neurogenesis and Neuronal Development by Modulating Histone Methyltransferase Ezh2],[Roles of N6-Methyladenosine (m(6)A) in Stem Cell Fate Decisions and Early Embryonic Development in Mammals],[FRONTIERS IN CELL AND DEVELOPMENTAL BIOLOGY],[8],[],[],[AUG 11 2020],[]
402,[m(6)A Regulates Neurogenesis and Neuronal Development by Modulating Histone Methyltransferase Ezh2],[The RNA Methyltransferase NSUN2 and Its Potential Roles in Cancer],[CELLS],[9],[8],[],[1758],[]
404,[m(6)A Regulates Neurogenesis and Neuronal Development by Modulating Histone Methyltransferase Ezh2],[YTHDF2 destabilizes m(6)A-modified neural-specific RNAs to restrain differentiation in induced pluripotent stem cells],[RNA],[26],[6],[739-755],[JUN 2020],[]
405,[m(6)A Regulates Neurogenesis and Neuronal Development by Modulating Histone Methyltransferase Ezh2],[Early-Life m(6)A RNA Demethylation by Fat Mass and Obesity-Associated Protein (FTO) Influences Resilience or Vulnerability to Heat Stress Later in Life],[ENEURO],[7],[3],[],[0549-19.2020],[]
406,[m(6)A Regulates Neurogenesis and Neuronal Development by Modulating Histone Methyltransferase Ezh2],[Dynamic effects of Fto in regulating the proliferation and differentiation of adult neural stem cells of mice],[HUMAN MOLECULAR GENETICS],[29],[5],[727-735],[MAR 1 2020],[1]
407,[m(6)A Regulates Neurogenesis and Neuronal Development by Modulating Histone Methyltransferase Ezh2],[Expression and Prognostic Significance of m6A-Related Genes in Lung Adenocarcinoma],[MEDICAL SCIENCE MONITOR],[26],[],[],[FEB 22 2020],[3]
410,[m(6)A Regulates Neurogenesis and Neuronal Development by Modulating Histone Methyltransferase Ezh2],[N-6-Methyladenosine: A Novel RNA Imprint in Human Cancer],[FRONTIERS IN ONCOLOGY],[9],[],[],[DEC 19 2019],[5]
411,[m(6)A Regulates Neurogenesis and Neuronal Development by Modulating Histone Methyltransferase Ezh2],"[Small changes, big implications: The impact of m(6)A RNA methylation on gene expression in pluripotency and development]",[BIOCHIMICA ET BIOPHYSICA ACTA-GENE REGULATORY MECHANISMS],[1862],[9],[],[194402],[6]
413,[Intestinal Microbiota in Early Life and Its Implications on Childhood Health],[Gut Microbiota and Liver Interaction through Immune System Cross-Talk: A Comprehensive Review at the Time of the SARS-CoV-2 Pandemic],[JOURNAL OF CLINICAL MEDICINE],[9],[8],[],[2488],[]
420,[Intestinal Microbiota in Early Life and Its Implications on Childhood Health],[Prenatal and postnatal determinants in shaping offspring's microbiome in the first 1000 days: study protocol and preliminary results at one month of life],[ITALIAN JOURNAL OF PEDIATRICS],[46],[1],[],[45],[]
421,[Intestinal Microbiota in Early Life and Its Implications on Childhood Health],[Domestic Foal Weaning: Need for Re-Thinking Breeding Practices?],[ANIMALS],[10],[2],[],[361],[]
423,[Intestinal Microbiota in Early Life and Its Implications on Childhood Health],[GUT MICROBIOTA IN CHRONIC KIDNEY DISEASE],[ADVANCEMENTS OF MICROBIOLOGY],[58],[3],[237-245],[JUL-SEP 2019],[]
424,[Intestinal Microbiota in Early Life and Its Implications on Childhood Health],[The Fast Track for Microbiome Research PREFACE],[GENOMICS PROTEOMICS & BIOINFORMATICS],[17],[1],[1-3],[FEB 2019],[1]
425,[PTMD: A Database of Human Disease-associated Post-translational Modifications],[Recent insights intoHistone Acetyltransferase-1: biological function and involvement in pathogenesis],[EPIGENETICS],[],[],[],[],[]
427,[PTMD: A Database of Human Disease-associated Post-translational Modifications],[Using phosphoproteomics data to understand cellular signaling: a comprehensive guide to bioinformatics resources],[CLINICAL PROTEOMICS],[17],[1],[],[27],[]
430,[PTMD: A Database of Human Disease-associated Post-translational Modifications],[Do Post-Translational Modifications Influence Protein Aggregation in Neurodegenerative Diseases: A Systematic Review],[BRAIN SCIENCES],[10],[4],[],[232],[2]
432,[PTMD: A Database of Human Disease-associated Post-translational Modifications],[Drug Discovery Researches on Modulators of Lysine-Modifying Enzymes Based on Strategic Chemistry Approaches],[CHEMICAL & PHARMACEUTICAL BULLETIN],[68],[1],[34-45],[JAN 2020],[1]
447,[Progress and Challenges for Live-cell Imaging of Genomic Loci Using CRISPR-based Platforms],[CRISPR/dual-FRET molecular beacon for sensitive live-cell imaging of non-repetitive genomic loci],[NUCLEIC ACIDS RESEARCH],[47],[20],[],[e131],[4]
453,[TSNAdb: A Database for Tumor-specific Neoantigens from Immunogenomics Data Analysis],[Shared neoantigens: ideal targets for off-the-shelf cancer immunotherapy],[PHARMACOGENOMICS],[21],[9],[637-645],[JUN 2020],[]
455,[TSNAdb: A Database for Tumor-specific Neoantigens from Immunogenomics Data Analysis],[dbPepNeo: a manually curated database for human tumor neoantigen peptides],[DATABASE-THE JOURNAL OF BIOLOGICAL DATABASES AND CURATION],[],[],[],[],[]
457,[TSNAdb: A Database for Tumor-specific Neoantigens from Immunogenomics Data Analysis],[NeoPeptide: an immunoinformatic database of T-cell-defined neoantigens],[DATABASE-THE JOURNAL OF BIOLOGICAL DATABASES AND CURATION],[],[],[],[],[]
461,[TSNAdb: A Database for Tumor-specific Neoantigens from Immunogenomics Data Analysis],[Mutation-Derived Neoantigens for Cancer Immunotherapy],[FRONTIERS IN IMMUNOLOGY],[10],[],[],[AUG 7 2019],[9]
466,[Inulin Can Alleviate Metabolism Disorders in ob/ob Mice by Partially Restoring Leptin-related Pathways Mediated by Gut Microbiota],[Membrane disruption ofFusarium oxysporumf. sp.niveuminduced by myriocin fromBacillus amyloliquefaciensLZN01],[MICROBIAL BIOTECHNOLOGY],[],[],[],[],[]
473,[Inulin Can Alleviate Metabolism Disorders in ob/ob Mice by Partially Restoring Leptin-related Pathways Mediated by Gut Microbiota],[Oligosaccharides from Gracilaria lemaneiformis better attenuated high fat diet-induced metabolic syndrome by promoting the Bacteroidales proliferation],[FOOD & FUNCTION],[11],[1],[1049-1062],[JAN 1 2020],[]
476,[Inulin Can Alleviate Metabolism Disorders in ob/ob Mice by Partially Restoring Leptin-related Pathways Mediated by Gut Microbiota],[The Fast Track for Microbiome Research PREFACE],[GENOMICS PROTEOMICS & BIOINFORMATICS],[17],[1],[1-3],[FEB 2019],[1]
479,[GoldCLIP: Gel-omitted Ligation-dependent CLIP],[Classification and function of RNA-protein interactions],[WILEY INTERDISCIPLINARY REVIEWS-RNA],[e1601],[],[],[],[]
482,[GoldCLIP: Gel-omitted Ligation-dependent CLIP],[Catching a SPY: Using the SpyCatcher-SpyTag and Related Systems for Labeling and Localizing Bacterial Proteins],[INTERNATIONAL JOURNAL OF MOLECULAR SCIENCES],[20],[9],[],[2129],[10]
483,[GoldCLIP: Gel-omitted Ligation-dependent CLIP],[lncRedibly versatile: biochemical and biological functions of long noncoding RNAs],[BIOCHEMICAL JOURNAL],[476],[],[],[APR 15 2019],[8]
484,[GoldCLIP: Gel-omitted Ligation-dependent CLIP],[SpyCLIP: an easy-to-use and high-throughput compatible CLIP platform for the characterization of protein-RNA interactions with high accuracy],[NUCLEIC ACIDS RESEARCH],[47],[6],[],[e33],[6]
485,[GoldCLIP: Gel-omitted Ligation-dependent CLIP],[Methods to study RNA-protein interactions],[NATURE METHODS],[16],[3],[225-234],[MAR 2019],[30]
487,[GoldCLIP: Gel-omitted Ligation-dependent CLIP],"[GoldCLIP: Gel-omitted Ligation-dependent CLIP (vol 16, pg 136, 2018)]",[GENOMICS PROTEOMICS & BIOINFORMATICS],[16],[3],[221-222],[JUN 2018],[]
493,[Integration of A Deep Learning Classifier with A Random Forest Approach for Predicting Malonylation Sites],"[iLearn: an integrated platform and meta-learner for feature engineering, machine-learning analysis and modeling of DNA, RNA and protein sequence data]",[BRIEFINGS IN BIOINFORMATICS],[21],[3],[1047-1057],[MAY 2020],[31]
495,[Integration of A Deep Learning Classifier with A Random Forest Approach for Predicting Malonylation Sites],[Standard Plane Identification in Fetal Brain Ultrasound Scans Using a Differential Convolutional Neural Network],[IEEE ACCESS],[8],[],[],[],[]
496,[Integration of A Deep Learning Classifier with A Random Forest Approach for Predicting Malonylation Sites],[y Identification of Protein Lysine Crotonylation Sites by a Deep Learning Framework With Convolutional Neural Networks],[IEEE ACCESS],[8],[],[],[],[1]
497,[Integration of A Deep Learning Classifier with A Random Forest Approach for Predicting Malonylation Sites],[Mal-Light: Enhancing Lysine Malonylation Sites Prediction Problem Using Evolutionary-based Features],[IEEE ACCESS],[8],[],[],[],[]
501,[Genome-wide MicroRNA Expression Profiles in COPD: Early Predictors for Cancer Development],[miRNA sequencing reveals miRNA-4508 from peripheral blood lymphocytes as potential diagnostic biomarker for silica-related pulmonary fibrosis: A multistage study],[RESPIROLOGY],[25],[5],[511-517],[MAY 2020],[2]
503,[Genome-wide MicroRNA Expression Profiles in COPD: Early Predictors for Cancer Development],[Low miR-150-5p and miR-320b Expression Predicts Reduced Survival of COPD Patients],[CELLS],[8],[10],[],[1162],[4]
504,[Genome-wide MicroRNA Expression Profiles in COPD: Early Predictors for Cancer Development],[Chronic obstructive pulmonary disease (COPD) and lung cancer: common pathways for pathogenesis],[JOURNAL OF THORACIC DISEASE],[11],[17],[S2155-S2172],[OCT 2019],[5]
507,[Genome-wide MicroRNA Expression Profiles in COPD: Early Predictors for Cancer Development],[The sncRNA Zoo: a repository for circulating small noncoding RNAs in animals],[NUCLEIC ACIDS RESEARCH],[47],[9],[4431-4441],[MAY 21 2019],[2]
509,[SPORTS1.0: A Tool for Annotating and Profiling Non-coding RNAs Optimized for rRNA- and tRNA-derived Small RNAs],[Transfer RNA-derived small RNAs: potential applications as novel biomarkers for disease diagnosis and prognosis],[ANNALS OF TRANSLATIONAL MEDICINE],[8],[17],[],[1092],[]
510,[SPORTS1.0: A Tool for Annotating and Profiling Non-coding RNAs Optimized for rRNA- and tRNA-derived Small RNAs],[Early cleavage of preimplantation embryos is regulated by tRNA(Gln-TTG)-derived small RNAs present in mature spermatozoa],[JOURNAL OF BIOLOGICAL CHEMISTRY],[295],[32],[10885-10900],[AUG 7 2020],[]
514,[SPORTS1.0: A Tool for Annotating and Profiling Non-coding RNAs Optimized for rRNA- and tRNA-derived Small RNAs],[Molecular and Functional Characterization of the Somatic PIWIL1/piRNA Pathway in Colorectal Cancer Cells],[CELLS],[8],[11],[],[1390],[1]
515,[SPORTS1.0: A Tool for Annotating and Profiling Non-coding RNAs Optimized for rRNA- and tRNA-derived Small RNAs],[Progress and Prospect in tsRNA Research],[PROGRESS IN BIOCHEMISTRY AND BIOPHYSICS],[46],[11],[1063-1072],[NOV 2019],[]
519,[SPORTS1.0: A Tool for Annotating and Profiling Non-coding RNAs Optimized for rRNA- and tRNA-derived Small RNAs],[The Ribosome as a Missing Link in Prebiotic Evolution III: Over-Representation of tRNA- and rRNA-Like Sequences and Plieofunctionality of Ribosome-Related Molecules Argues for the Evolution of Primitive Genomes from Ribosomal RNA Modules],[INTERNATIONAL JOURNAL OF MOLECULAR SCIENCES],[20],[1],[],[140],[7]
520,[Rice Genomics: over the Past Two Decades and into the Future],[Recent Advances in Molecular Research in Rice: Agronomically Important Traits],[INTERNATIONAL JOURNAL OF MOLECULAR SCIENCES],[21],[17],[],[5945],[]
523,[Rice Genomics: over the Past Two Decades and into the Future],[GWAS Atlas: a curated resource of genome-wide variant-trait associations in plants and animals],[NUCLEIC ACIDS RESEARCH],[48],[D1],[D927-D932],[JAN 8 2020],[5]
526,[Rice Genomics: over the Past Two Decades and into the Future],[Location Distribution Characteristics in Leaf Lateral Asymmetry of Hybrid Indica Rice],[PHYTON-INTERNATIONAL JOURNAL OF EXPERIMENTAL BOTANY],[89],[3],[657-666],[2020],[]
530,[Discovery of Novel Androgen Receptor Ligands by Structure-based Virtual Screening and Bioassays],[Integrating Machine Learning-Based Virtual Screening With Multiple Protein Structures and Bio-Assay Evaluation for Discovery of Novel GSK3 beta Inhibitors],[FRONTIERS IN PHARMACOLOGY],[11],[],[],[SEP 11 2020],[]
540,[Genome Writing: Current Progress and Related Applications],[Integrating Ground-based Observations and Radar Data Into Gridding Sub-daily Precipitation],[WATER RESOURCES MANAGEMENT],[34],[11],[3479-3497],[SEP 2020],[]
541,[Genome Writing: Current Progress and Related Applications],[What would a synthetic connectome look like?],[PHYSICS OF LIFE REVIEWS],[33],[],[],[],[5]
542,[Genome Writing: Current Progress and Related Applications],"[Synthetic connectomes at the interface Reply to comments on ""What would a synthetic connectome look like?""]",[PHYSICS OF LIFE REVIEWS],[33],[],[],[],[]
543,[Genome Writing: Current Progress and Related Applications],[Heterologous Metabolic Pathways: Strategies for Optimal Expression in Eukaryotic Hosts],[ACTA NATURAE],[12],[2],[28-39],[APR-JUN 2020],[]
544,[Genome Writing: Current Progress and Related Applications],[An empirical statistical constitutive relationship for rock joint shearing considering scale effect],[COMPTES RENDUS MECANIQUE],[347],[8],[561-575],[AUG 2019],[25]
545,[Genome Writing: Current Progress and Related Applications],[Genome Engineering for Stem Cell Transplantation],[EXPERIMENTAL AND CLINICAL TRANSPLANTATION],[17],[1],[31-37],[JAN 2019],[1]
546,[Genome Writing: Current Progress and Related Applications],[Whole genome engineering by synthesis],[SCIENCE CHINA-LIFE SCIENCES],[61],[12],[1515-1527],[DEC 2018],[9]
547,[Genome Writing: Current Progress and Related Applications],"[Negative permittivity behavior of titanium nitride/polyphenylene sulfide ""metacomposites"" under radio frequency]",[JOURNAL OF MATERIALS SCIENCE-MATERIALS IN ELECTRONICS],[29],[14],[12144-12151],[JUL 2018],[4]
548,[Correlation of Gut Microbiome Between ASD Children and Mothers and Potential Biomarkers for Risk Assessment],[Brain Opioid Activity and Oxidative Injury: Different Molecular Scenarios Connecting Celiac Disease and Autistic Spectrum Disorder],[BRAIN SCIENCES],[10],[7],[],[437],[]
553,[Correlation of Gut Microbiome Between ASD Children and Mothers and Potential Biomarkers for Risk Assessment],"[Healthy Gut, Healthy Brain: The Gut Microbiome in Neurodegenerative Disorders]",[CURRENT TOPICS IN MEDICINAL CHEMISTRY],[20],[13],[1142-1153],[2020],[3]
554,[Correlation of Gut Microbiome Between ASD Children and Mothers and Potential Biomarkers for Risk Assessment],[Multiple Risk Factors: A Challenge in the Management of Autism],[CURRENT PHARMACEUTICAL DESIGN],[26],[7],[743-754],[2020],[2]
555,[Correlation of Gut Microbiome Between ASD Children and Mothers and Potential Biomarkers for Risk Assessment],[The Fast Track for Microbiome Research PREFACE],[GENOMICS PROTEOMICS & BIOINFORMATICS],[17],[1],[1-3],[FEB 2019],[1]
556,[Applications of RNA Indexes for Precision Oncology in Breast Cancer],[Mechanism of miRNA-26a on the Proliferation of Pancreatic Tumor Cells by Regulating the Expression of Cycline2],[IRANIAN JOURNAL OF PUBLIC HEALTH],[49],[6],[1138-1147],[JUN 2020],[]
558,[Applications of RNA Indexes for Precision Oncology in Breast Cancer],[RNA Sequencing in Comparison to Immunohistochemistry for Measuring Cancer Biomarkers in Breast Cancer and Lung Cancer Specimens],[BIOMEDICINES],[8],[5],[],[114],[1]
562,[Applications of RNA Indexes for Precision Oncology in Breast Cancer],[Overexpression of Tumor Protein p53-regulated Apoptosis-inducing Protein 1 Regulates Proliferation and Apoptosis of Breast Cancer Cells through the PI3K/Akt Pathway],[JOURNAL OF BREAST CANCER],[22],[2],[172-184],[JUN 2019],[4]
563,[Applications of RNA Indexes for Precision Oncology in Breast Cancer],[Cryptotanshinone suppresses key onco-proliferative and drug-resistant pathways of chronic myeloid leukemia by targeting STAT5 and STAT3 phosphorylation],[SCIENCE CHINA-LIFE SCIENCES],[61],[9],[999-1009],[SEP 2018],[12]
565,[Proteomics Analysis of Lipid Droplets from the Oleaginous Alga Chromochloris zofingiensis Reveals Novel Proteins for Lipid Metabolism],"[Degradation of Lipid Droplets in Plants and Algae-Right Time, Many Paths, One Goal]",[FRONTIERS IN PLANT SCIENCE],[11],[],[],[SEP 9 2020],[]
568,[Proteomics Analysis of Lipid Droplets from the Oleaginous Alga Chromochloris zofingiensis Reveals Novel Proteins for Lipid Metabolism],[Astaxanthin Is Ketolated from Zeaxanthin Independent of Fatty Acid Synthesis inChromochloris zofingiensis(1)],[PLANT PHYSIOLOGY],[183],[3],[883-897],[JUL 2020],[2]
569,[Proteomics Analysis of Lipid Droplets from the Oleaginous Alga Chromochloris zofingiensis Reveals Novel Proteins for Lipid Metabolism],[Impact of Pb onChlamydomonas reinhardtiiat Physiological and Transcriptional Levels],[FRONTIERS IN MICROBIOLOGY],[11],[],[],[JUN 26 2020],[]
570,[Proteomics Analysis of Lipid Droplets from the Oleaginous Alga Chromochloris zofingiensis Reveals Novel Proteins for Lipid Metabolism],[Novel insights into salinity-induced lipogenesis and carotenogenesis in the oleaginous astaxanthin-producing alga Chromochloris zofingiensis: a multi-omics study],[BIOTECHNOLOGY FOR BIOFUELS],[13],[1],[],[73],[3]
571,[Proteomics Analysis of Lipid Droplets from the Oleaginous Alga Chromochloris zofingiensis Reveals Novel Proteins for Lipid Metabolism],[Lipid droplets throughout the evolutionary tree],[PROGRESS IN LIPID RESEARCH],[78],[],[],[APR 2020],[]
572,[Proteomics Analysis of Lipid Droplets from the Oleaginous Alga Chromochloris zofingiensis Reveals Novel Proteins for Lipid Metabolism],[Identification of Low-Abundance Lipid Droplet Proteins in Seeds and Seedlings(1)([OPEN])],[PLANT PHYSIOLOGY],[182],[3],[1326-1345],[MAR 2020],[4]
574,[Single-cell Analysis of CAR-T Cell Activation Reveals A Mixed T(H)1/T(H)2 Response Independent of Differentiation],[Advances in single cell technologies in immunology],[BIOTECHNIQUES],[69],[3],[227-+],[SEP 2020],[]
575,[Single-cell Analysis of CAR-T Cell Activation Reveals A Mixed T(H)1/T(H)2 Response Independent of Differentiation],[In Vivo Generation of CAR T Cells Selectively in Human CD4(+) Lymphocytes],[MOLECULAR THERAPY],[28],[8],[1783-1794],[AUG 5 2020],[]
577,[Single-cell Analysis of CAR-T Cell Activation Reveals A Mixed T(H)1/T(H)2 Response Independent of Differentiation],[( )Single-cell transcriptomics identifies multiple pathways underlying antitumor function of TCR- and CD8 alpha beta-engineered human CD4(+) T cells],[SCIENCE ADVANCES],[6],[27],[],[eaaz7809],[1]
578,[Single-cell Analysis of CAR-T Cell Activation Reveals A Mixed T(H)1/T(H)2 Response Independent of Differentiation],[Revisiting the role of CD4(+)T cells in cancer immunotherapy-new insights into old paradigms],[CANCER GENE THERAPY],[],[],[],[],[]
581,"[Development of the ""Third-Generation\\ Hybrid Rice in China]",[Creation of male-sterile lines that can be restored to fertility by exogenous methyl jasmonate for the establishment of a two-line system for the hybrid production of rice (Oryza sativaL.)],[PLANT BIOTECHNOLOGY JOURNAL],[],[],[],[],[]
587,"[Development of the ""Third-Generation\\ Hybrid Rice in China]","[OsDGD2 beta is the Sole Digalactosyldiacylglycerol Synthase Gene Highly Expressed in Anther, and its Mutation Confers Male Sterility in Rice]",[RICE],[12],[1],[],[66],[4]
589,[Machine Learning to Detect Alzheimer's Disease from Circulating Non-coding RNAs],[A blood miRNA signature associates with sporadic Creutzfeldt-Jakob disease diagnosis],[NATURE COMMUNICATIONS],[11],[1],[],[3960],[]
590,[Machine Learning to Detect Alzheimer's Disease from Circulating Non-coding RNAs],[In Vivo Chimeric Alzheimer's Disease Modeling of Apolipoprotein E4 Toxicity in Human Neurons],[CELL REPORTS],[32],[4],[],[107962],[]
591,[Machine Learning to Detect Alzheimer's Disease from Circulating Non-coding RNAs],[Circulating MicroRNA Profile Associated with Obstructive Sleep Apnea in Alzheimer's Disease],[MOLECULAR NEUROBIOLOGY],[57],[11],[4363-4372],[NOV 2020],[]
592,[Machine Learning to Detect Alzheimer's Disease from Circulating Non-coding RNAs],[miEAA 2.0: integrating multi-species microRNA enrichment analysis and workflow management systems],[NUCLEIC ACIDS RESEARCH],[48],[W1],[W521-W528],[JUL 2 2020],[1]
593,[Machine Learning to Detect Alzheimer's Disease from Circulating Non-coding RNAs],[miRSwitch: detecting microRNA arm shift and switch events],[NUCLEIC ACIDS RESEARCH],[48],[W1],[W268-W274],[JUL 2 2020],[1]
594,[Machine Learning to Detect Alzheimer's Disease from Circulating Non-coding RNAs],[The Prediction of miRNAs in SARS-CoV-2 Genomes: hsa-miR Databases Identify 7 Key miRs Linked to Host Responses and Virus Pathogenicity-Related KEGG Pathways Significant for Comorbidities],[VIRUSES-BASEL],[12],[6],[],[614],[1]
595,[Machine Learning to Detect Alzheimer's Disease from Circulating Non-coding RNAs],[DynaVenn: web-based computation of the most significant overlap between ordered sets],[BMC BIOINFORMATICS],[20],[1],[],[743],[3]
597,[Antibiotic Treatment Drives the Diversification of the Human Gut Resistome],[In silico analysis of long non-coding RNAs in medulloblastoma and its subgroups],[NEUROBIOLOGY OF DISEASE],[141],[],[],[JUL 2020],[]
602,[Antibiotic Treatment Drives the Diversification of the Human Gut Resistome],[The Fast Track for Microbiome Research PREFACE],[GENOMICS PROTEOMICS & BIOINFORMATICS],[17],[1],[1-3],[FEB 2019],[1]
612,[Whole Genome Analyses of Chinese Population and De Novo Assembly of A Northern Han Genome],"[CGVD: a genomic variation database for Chinese populations (Retraction of Vol 48, art no GKZ952, 2019)]",[NUCLEIC ACIDS RESEARCH],[48],[D1],[D1173-D1180],[JAN 8 2020],[]
616,[Warburg Effects in Cancer and Normal Proliferating Cells: Two Tales of the Same Name],[Diallyl disulfide regulates energy metabolism by targeting AMP-activated protein kinase alpha1 in human gastric cancer cells],[MINERVA BIOTECNOLOGICA],[32],[3],[114-120],[SEP 2020],[]
617,[Warburg Effects in Cancer and Normal Proliferating Cells: Two Tales of the Same Name],[Metabolic reprogramming in cancer: the bridge that connects intracellular stresses and cancer behaviors],[NATIONAL SCIENCE REVIEW],[7],[8],[1270-1273],[AUG 2020],[]
621,[Warburg Effects in Cancer and Normal Proliferating Cells: Two Tales of the Same Name],[Metabolic Reprogramming in Cancer Is Induced to Increase Proton Production],[CANCER RESEARCH],[80],[5],[1143-1155],[MAR 1 2020],[4]
623,[Agricultural Risk Factors Influence Microbial Ecology in Honghu Lake],[Diversity patterns of soil microbial communities in theSophora flavescensrhizosphere in response to continuous monocropping],[BMC MICROBIOLOGY],[20],[1],[],[272],[]
626,[Agricultural Risk Factors Influence Microbial Ecology in Honghu Lake],"[Differentiation of Nitrogen and Microbial Community in the Sediments from Lake Erhai, Yunnan-Kweichow Plateau, China]",[GEOMICROBIOLOGY JOURNAL],[37],[9],[818-825],[SEP 1 2020],[]
627,[Agricultural Risk Factors Influence Microbial Ecology in Honghu Lake],[The Fast Track for Microbiome Research PREFACE],[GENOMICS PROTEOMICS & BIOINFORMATICS],[17],[1],[1-3],[FEB 2019],[1]
628,[The Immunome of Colon Cancer: Functional In Silico Analysis of Antigenic Proteins Deduced from IgG Microarray Profiling],[Chemotherapy-induced ileal crypt apoptosis and the ileal microbiome shape immunosurveillance and prognosis of proximal colon cancer],[NATURE MEDICINE],[26],[6],[919-+],[JUN 2020],[7]
629,[The Immunome of Colon Cancer: Functional In Silico Analysis of Antigenic Proteins Deduced from IgG Microarray Profiling],[Chemotherapy-induced ileal crypt apoptosis and the ileal microbiome shape immunosurveillance and prognosis of proximal colon cancer],[NATURE MEDICINE],[],[],[],[],[7]
630,[The Immunome of Colon Cancer: Functional In Silico Analysis of Antigenic Proteins Deduced from IgG Microarray Profiling],[Systemic autoinflammatory diseases],[JOURNAL OF AUTOIMMUNITY],[109],[],[],[MAY 2020],[2]
631,[The Immunome of Colon Cancer: Functional In Silico Analysis of Antigenic Proteins Deduced from IgG Microarray Profiling],[Development of autoantibody signatures for common cancers],[SEMINARS IN IMMUNOLOGY],[47],[],[],[FEB 2020],[1]
632,[The Immunome of Colon Cancer: Functional In Silico Analysis of Antigenic Proteins Deduced from IgG Microarray Profiling],[Copy number variation is highly correlated with differential gene expression: a pan-cancer study],[BMC MEDICAL GENETICS],[20],[1],[],[175],[4]
633,[Global Quantitative Mapping of Enhancers in Rice by STARR-seq],[Shooting for the STARRs: A Modified STARR-seq Assay for Rapid Identification and Evaluation of Plant Regulatory Sequences in Tobacco Leaves],[PLANT CELL],[32],[7],[2057-2058],[JUL 2020],[]
634,[Global Quantitative Mapping of Enhancers in Rice by STARR-seq],[Identification of Plant Enhancers and Their Constituent Elements by STARR-seq in Tobacco Leaves],[PLANT CELL],[32],[7],[2120-2131],[JUL 2020],[]
638,[Stereotypes About Enterotype: the Old and New Ideas],[Gut metagenomics-derived genes as potential biomarkers of Parkinson's disease],[BRAIN],[143],[],[],[AUG 2020],[]
639,[Stereotypes About Enterotype: the Old and New Ideas],[Microbes and mental health: Can the microbiome help explain clinical heterogeneity in psychiatry?],[FRONTIERS IN NEUROENDOCRINOLOGY],[58],[],[],[JUL 2020],[]
640,[Stereotypes About Enterotype: the Old and New Ideas],[Revealing links between gut microbiome and its fungal community in Type 2 Diabetes Mellitus among Emirati subjects: A pilot study],[SCIENTIFIC REPORTS],[10],[1],[],[JUN 15 2020],[]
641,[Stereotypes About Enterotype: the Old and New Ideas],[The Importance of the Microbiome in Critically Ill Patients: Role of Nutrition],[NUTRIENTS],[11],[12],[],[3002],[1]
642,[Stereotypes About Enterotype: the Old and New Ideas],[The Fast Track for Microbiome Research PREFACE],[GENOMICS PROTEOMICS & BIOINFORMATICS],[17],[1],[1-3],[FEB 2019],[1]
644,[Effects of Proton Pump Inhibitors on the Gastrointestinal Microbiota in Gastroesophageal Reflux Disease],[Gastric balloon microbiota: the first investigation of the existence of microbes on the balloon surface],[POLISH ARCHIVES OF INTERNAL MEDICINE-POLSKIE ARCHIWUM MEDYCYNY WEWNETRZNEJ],[130],[4],[340-342],[APR 30 2020],[]
645,[Effects of Proton Pump Inhibitors on the Gastrointestinal Microbiota in Gastroesophageal Reflux Disease],[Simultaneous Assessment of Urinary and Fecal Volatile Organic Compound Analysis in De Novo Pediatric IBD],[SENSORS],[19],[20],[],[4496],[3]
647,[Effects of Proton Pump Inhibitors on the Gastrointestinal Microbiota in Gastroesophageal Reflux Disease],[The Fast Track for Microbiome Research PREFACE],[GENOMICS PROTEOMICS & BIOINFORMATICS],[17],[1],[1-3],[FEB 2019],[1]
648,[Machine Learning Models for Genetic Risk Assessment of Infants with Non-syndromic Orofacial Cleft],[Prevalence of Machine Learning in Craniofacial Surgery],[JOURNAL OF CRANIOFACIAL SURGERY],[31],[4],[898-903],[JUN 2020],[]
649,[Machine Learning Models for Genetic Risk Assessment of Infants with Non-syndromic Orofacial Cleft],[Machine Learning Algorithms for Predicting the Recurrence of Stage IV Colorectal Cancer After Tumor Resection],[SCIENTIFIC REPORTS],[10],[1],[],[2519],[1]
650,[Machine Learning Models for Genetic Risk Assessment of Infants with Non-syndromic Orofacial Cleft],[Artificial intelligence in pediatrics],[CHINESE MEDICAL JOURNAL],[133],[3],[358-360],[FEB 5 2020],[]
651,[Machine Learning Models for Genetic Risk Assessment of Infants with Non-syndromic Orofacial Cleft],[Radiomics and Machine Learning in Oral Healthcare],[PROTEOMICS CLINICAL APPLICATIONS],[14],[3],[],[],[5]
652,[Machine Learning Models for Genetic Risk Assessment of Infants with Non-syndromic Orofacial Cleft],[Association of MTHFR 1298A > C Polymorphism with Susceptibility to Non-Syndromic Cleft Lip with or without Palate: A Case-Control Study and Meta-Analysis],[FETAL AND PEDIATRIC PATHOLOGY],[],[],[],[],[3]
653,[Preprocessing of 2-Dimensional Gel Electrophoresis Images Applied to Proteomic Analysis: A Review],"[Joint pre-processing framework for two-dimensional gel electrophoresis images based on nonlinear filtering, background correction and normalization techniques]",[BMC BIOINFORMATICS],[21],[1],[],[376],[]
654,[Preprocessing of 2-Dimensional Gel Electrophoresis Images Applied to Proteomic Analysis: A Review],[H2S Regulation of Metabolism in Cucumber in Response to Salt-Stress Through Transcriptome and Proteome Analysis],[FRONTIERS IN PLANT SCIENCE],[11],[],[],[AUG 19 2020],[]
655,[Preprocessing of 2-Dimensional Gel Electrophoresis Images Applied to Proteomic Analysis: A Review],[2D electrophoresis image brightness correction based on gradient interval histogram],[BMC BIOINFORMATICS],[21],[1],[],[117],[]
656,[Preprocessing of 2-Dimensional Gel Electrophoresis Images Applied to Proteomic Analysis: A Review],[Combined Proteomics and Metabolism Analysis Unravels Prominent Roles of Antioxidant System in the Prevention of Alfalfa (Medicago sativa L.) against Salt Stress],[INTERNATIONAL JOURNAL OF MOLECULAR SCIENCES],[21],[3],[],[909],[2]
657,[Preprocessing of 2-Dimensional Gel Electrophoresis Images Applied to Proteomic Analysis: A Review],[Differential vs. comparative gel electrophoresis: New technology drives standardisation and quantification in protein two-dimensional gel electrophoresis],[TRAC-TRENDS IN ANALYTICAL CHEMISTRY],[122],[],[],[JAN 2020],[]
658,[Novel Autoantibodies Related to Cell Death and DNA Repair Pathways in Systemic Lupus Erythematosus],[Omega-3 fatty acid intake suppresses induction of diverse autoantibody repertoire by crystalline silica in lupus-prone mice],[AUTOIMMUNITY],[],[],[],[],[1]
659,[Novel Autoantibodies Related to Cell Death and DNA Repair Pathways in Systemic Lupus Erythematosus],[Base Excision Repair in the Immune System: Small DNA Lesions With Big Consequences],[FRONTIERS IN IMMUNOLOGY],[11],[],[],[MAY 29 2020],[]
660,[Novel Autoantibodies Related to Cell Death and DNA Repair Pathways in Systemic Lupus Erythematosus],[Pre-existing self-reactive IgA antibodies associated with primary graft dysfunction after lung transplantation],[TRANSPLANT IMMUNOLOGY],[59],[],[],[APR 2020],[]
661,[Novel Autoantibodies Related to Cell Death and DNA Repair Pathways in Systemic Lupus Erythematosus],[DNA Damage Response and Oxidative Stress in Systemic Autoimmunity],[INTERNATIONAL JOURNAL OF MOLECULAR SCIENCES],[21],[1],[],[55],[6]
662,[SSCC: A Novel Computational Framework for Rapid and Accurate Clustering Large-scale Single Cell RNA-seq Data],[An Adaptive Sparse Subspace Clustering for Cell Type Identification],[FRONTIERS IN GENETICS],[11],[],[],[APR 28 2020],[]
665,[SSCC: A Novel Computational Framework for Rapid and Accurate Clustering Large-scale Single Cell RNA-seq Data],[BERMUDA: a novel deep transfer learning method for single-cell RNA sequencing batch correction reveals hidden high-resolution cellular subtypes],[GENOME BIOLOGY],[20],[1],[],[165],[7]
666,[How Microbes Shape Their Communities? A Microbial Community Model Based on Functional Genes],[A practical guide to amplicon and metagenomic analysis of microbiome data],[PROTEIN & CELL],[],[],[],[],[1]
667,[How Microbes Shape Their Communities? A Microbial Community Model Based on Functional Genes],"[Ionic Liquid Enriches the Antibiotic Resistome, Especially Efflux Pump Genes, Before Significantly Affecting Microbial Community Structure]",[ENVIRONMENTAL SCIENCE & TECHNOLOGY],[54],[7],[4305-4315],[APR 7 2020],[]
668,[How Microbes Shape Their Communities? A Microbial Community Model Based on Functional Genes],[Predicting Microbiome Function Across Space Is Confounded by Strain-Level Differences and Functional Redundancy Across Taxa],[FRONTIERS IN MICROBIOLOGY],[11],[],[],[FEB 7 2020],[2]
669,[How Microbes Shape Their Communities? A Microbial Community Model Based on Functional Genes],[The Fast Track for Microbiome Research PREFACE],[GENOMICS PROTEOMICS & BIOINFORMATICS],[17],[1],[1-3],[FEB 2019],[1]
670,[From Basic Research to Molecular Breeding - Chinese Scientists Play A Central Role in Boosting World Rice Production],[Visible imaging to convolutionally discern and authenticate varieties of rice and their derived flours],[FOOD CONTROL],[110],[],[],[APR 2020],[]
671,[From Basic Research to Molecular Breeding - Chinese Scientists Play A Central Role in Boosting World Rice Production],"[Dynamics of Selenium uptake, speciation, and antioxidant response in rice at different panicle initiation stages]",[SCIENCE OF THE TOTAL ENVIRONMENT],[691],[],[],[],[7]
672,[From Basic Research to Molecular Breeding - Chinese Scientists Play A Central Role in Boosting World Rice Production],[Yield-scaled N2O and CH4 emissions as affected by combined application of stabilized nitrogen fertilizer and pig manure in rice fields],[PLANT SOIL AND ENVIRONMENT],[65],[10],[497-502],[2019],[1]
678,[HeteroMeth: A Database of Cell-to-cell Heterogeneity in DNA Methylation],[Single-Cell Genomics and Epigenomics: Technologies and Applications in Plants],[TRENDS IN PLANT SCIENCE],[25],[10],[1030-1040],[OCT 2020],[1]
679,[HeteroMeth: A Database of Cell-to-cell Heterogeneity in DNA Methylation],[Contiguous and stochastic CHH methylation patterns of plant DRM2 and CMT2 revealed by single-read methylome analysis],[GENOME BIOLOGY],[21],[1],[],[194],[]
680,[HeteroMeth: A Database of Cell-to-cell Heterogeneity in DNA Methylation],[Combined neurodevelopmental exposure to deltamethrin and corticosterone is associated with Nr3c1 hypermethylation in the midbrain of male mice],[NEUROTOXICOLOGY AND TERATOLOGY],[80],[],[],[JUL-AUG 2020],[]
682,[A Systems Biology Approach for Studying Heterotopic Ossification: Proteomic Analysis of Clinical Serum and Tissue Samples],[Both Human Hematoma Punctured from Pelvic Fractures and Serum Increase Muscle Resident Stem Cells Response to BMP9: A Multivariate Statistical Approach],[JOURNAL OF CLINICAL MEDICINE],[9],[4],[],[1175],[]
683,[A Systems Biology Approach for Studying Heterotopic Ossification: Proteomic Analysis of Clinical Serum and Tissue Samples],[miR-17-5p Regulates Heterotopic Ossification by Targeting ANKH in Ankylosing Spondylitis],[MOLECULAR THERAPY-NUCLEIC ACIDS],[18],[],[],[],[2]
684,[A Systems Biology Approach for Studying Heterotopic Ossification: Proteomic Analysis of Clinical Serum and Tissue Samples],[Inhibition of immune checkpoints prevents injury-induced heterotopic ossification],[BONE RESEARCH],[7],[],[],[NOV 1 2019],[1]
685,[A Systems Biology Approach for Studying Heterotopic Ossification: Proteomic Analysis of Clinical Serum and Tissue Samples],[An integrated proteomic and glycoproteomic study for differences on glycosylation occupancy in rheumatoid arthritis],[ANALYTICAL AND BIOANALYTICAL CHEMISTRY],[411],[7],[1331-1338],[MAR 2019],[]
686,[CIRCexplorer3: A CLEAR Pipeline for Direct Comparison of Circular and Linear RNA Expression],[CircRNA inhibits DNA damage repair by interacting with host gene],[MOLECULAR CANCER],[19],[1],[],[128],[]
689,[Deciphering Brain Complexity Using Single-cell Sequencing],[Transcriptomic signatures of brain regional vulnerability to Parkinson's disease],[COMMUNICATIONS BIOLOGY],[3],[1],[],[101],[]
690,[Deciphering Brain Complexity Using Single-cell Sequencing],[Hypoxic-ischemic-related cerebrovascular changes and potential therapeutic strategies in the neonatal brain],[JOURNAL OF NEUROSCIENCE RESEARCH],[98],[7],[1468-1484],[JUL 2020],[2]
691,[Deciphering Brain Complexity Using Single-cell Sequencing],[Big Data and the Brain: Peeking at the Future PREFACE],[GENOMICS PROTEOMICS & BIOINFORMATICS],[17],[4],[],[],[]
692,[Translational Informatics for Parkinson's Disease: from Big Biomedical Data to Small Actionable Alterations],[Systems biology comprehensive analysis on breast cancer for identification of key gene modules and genes associated with TNM-based clinical stages],[SCIENTIFIC REPORTS],[10],[1],[],[JUL 2 2020],[1]
693,[Translational Informatics for Parkinson's Disease: from Big Biomedical Data to Small Actionable Alterations],[Data-driven translational prostate cancer research: from biomarker discovery to clinical decision],[JOURNAL OF TRANSLATIONAL MEDICINE],[18],[1],[],[119],[]
694,[Translational Informatics for Parkinson's Disease: from Big Biomedical Data to Small Actionable Alterations],[Big Data and the Brain: Peeking at the Future PREFACE],[GENOMICS PROTEOMICS & BIOINFORMATICS],[17],[4],[],[],[]
695,[GliomaDB: A Web Server for Integrating Glioma Omics Data and Interactive Analysis],[Computational identification and characterization of glioma candidate biomarkers through multi-omics integrative profiling],[BIOLOGY DIRECT],[15],[1],[],[10],[]
696,[GliomaDB: A Web Server for Integrating Glioma Omics Data and Interactive Analysis],"[Advances in the Knowledge of the Molecular Biology of Glioblastoma and Its Impact in Patient Diagnosis, Stratification, and Treatment]",[ADVANCED SCIENCE],[7],[9],[],[1902971],[1]
697,[GliomaDB: A Web Server for Integrating Glioma Omics Data and Interactive Analysis],[Big Data and the Brain: Peeking at the Future PREFACE],[GENOMICS PROTEOMICS & BIOINFORMATICS],[17],[4],[],[],[]
698,[Characterization of Distinct T Cell Receptor Repertoires in Tumor and Distant Non-tumor Tissues from Lung Cancer Patients],[Evaluating the Potential of T Cell Receptor Repertoires in Predicting the Prognosis of Resectable Non-Small Cell Lung Cancers],[MOLECULAR THERAPY-METHODS & CLINICAL DEVELOPMENT],[18],[],[],[],[]
699,[Characterization of Distinct T Cell Receptor Repertoires in Tumor and Distant Non-tumor Tissues from Lung Cancer Patients],[T-cell receptor repertoire analysis for the diagnosis and treatment of solid tumor: A methodology and clinical applications],[CANCER COMMUNICATIONS],[],[],[],[],[]
700,[Characterization of Distinct T Cell Receptor Repertoires in Tumor and Distant Non-tumor Tissues from Lung Cancer Patients],[Molecular T-Cell Repertoire Analysis as Source of Prognostic and Predictive Biomarkers for Checkpoint Blockade Immunotherapy],[INTERNATIONAL JOURNAL OF MOLECULAR SCIENCES],[21],[7],[],[2378],[]
701,"[Integrating Culture-based Antibiotic Resistance Profiles with Whole-genome Sequencing Data for 11,087 Clinical Isolates]",[Species Identification and Antibiotic Resistance Prediction by Analysis of Whole-Genome Sequence Data by Use of ARESdb: an Analysis of Isolates from the Unyvero Lower Respiratory Tract Infection Trial],[JOURNAL OF CLINICAL MICROBIOLOGY],[58],[7],[],[e00273-20],[1]
702,"[Integrating Culture-based Antibiotic Resistance Profiles with Whole-genome Sequencing Data for 11,087 Clinical Isolates]",[Innovative and rapid antimicrobial susceptibility testing systems],[NATURE REVIEWS MICROBIOLOGY],[18],[5],[299-311],[MAY 2020],[6]
703,"[Integrating Culture-based Antibiotic Resistance Profiles with Whole-genome Sequencing Data for 11,087 Clinical Isolates]","[Clinical Resistome Screening of 1,110 Escherichia coli Isolates Efficiently Recovers Diagnostically Relevant Antibiotic Resistance Biomarkers and Potential Novel Resistance Mechanisms]",[FRONTIERS IN MICROBIOLOGY],[10],[],[],[AUG 13 2019],[2]
704,[Transcriptome and Regulatory Network Analyses of CD19-CAR-T Immunotherapy for B-ALL],[The Chimeric Antigen Receptor Detection Toolkit],[FRONTIERS IN IMMUNOLOGY],[11],[],[],[AUG 11 2020],[]
705,[Transcriptome and Regulatory Network Analyses of CD19-CAR-T Immunotherapy for B-ALL],[Chimeric antigen receptor T cells in solid tumors: a war against the tumor microenvironment],[SCIENCE CHINA-LIFE SCIENCES],[63],[2],[180-205],[FEB 2020],[2]
706,[Transcriptome and Regulatory Network Analyses of CD19-CAR-T Immunotherapy for B-ALL],[The Role of MicroRNA in Paediatric Acute Lymphoblastic Leukaemia: Challenges for Diagnosis and Therapy],[JOURNAL OF ONCOLOGY],[2019],[],[],[OCT 13 2019],[4]
707,[GPA: A Microbial Genetic Polymorphisms Assignments Tool in Metagenomic Analysis by Bayesian Estimation],[Metagenomics for taxonomy profiling: tools and approaches],[BIOENGINEERED],[11],[1],[356-374],[JAN 1 2020],[2]
708,[GPA: A Microbial Genetic Polymorphisms Assignments Tool in Metagenomic Analysis by Bayesian Estimation],[Deconvoluting the diversity of within-host pathogen strains in a multi-locus sequence typing framework],[BMC BIOINFORMATICS],"[OCT 01-04, 2019]",[],[],[],[1]
709,[GPA: A Microbial Genetic Polymorphisms Assignments Tool in Metagenomic Analysis by Bayesian Estimation],[The Fast Track for Microbiome Research PREFACE],[GENOMICS PROTEOMICS & BIOINFORMATICS],[17],[1],[1-3],[FEB 2019],[1]
710,[RNF126 Quenches RNF168 Function in the DNA Damage Response],[Role of RING-Type E3 Ubiquitin Ligases in Inflammatory Signalling and Inflammatory Bowel Disease],[MEDIATORS OF INFLAMMATION],[2020],[],[],[AUG 10 2020],[]
711,[RNF126 Quenches RNF168 Function in the DNA Damage Response],[Roles of RNF126 and BCA2 E3 ubiquitin ligases in DNA damage repair signaling and targeted cancer therapy],[PHARMACOLOGICAL RESEARCH],[155],[],[],[MAY 2020],[]
712,[RNF126 Quenches RNF168 Function in the DNA Damage Response],[Molecular Mechanisms of Arsenic-Induced Disruption of DNA Repair],[CHEMICAL RESEARCH IN TOXICOLOGY],[33],[3],[709-726],[MAR 16 2020],[2]
713,[CCGD-ESCC: A Comprehensive Database for Genetic Variants Associated with Esophageal Squamous Cell Carcinoma in Chinese Population],[Identification and validation of hub microRNAs dysregulated in esophageal squamous cell carcinoma],[AGING-US],[12],[10],[9807-9824],[MAY 31 2020],[]
714,[CCGD-ESCC: A Comprehensive Database for Genetic Variants Associated with Esophageal Squamous Cell Carcinoma in Chinese Population],[A novel positive feedback loop of linc02042 and c-Myc mediated by YBX1 promotes tumorigenesis and metastasis in esophageal squamous cell carcinoma],[CANCER CELL INTERNATIONAL],[20],[1],[],[75],[]
716,"[PlaD: A Transcriptomics Database for Plant Defense Responses to Pathogens, Providing New Insights into Plant Immune System]",[PlaPPISite: a comprehensive resource for plant protein-protein interaction sites],[BMC PLANT BIOLOGY],[20],[1],[],[61],[]
717,"[PlaD: A Transcriptomics Database for Plant Defense Responses to Pathogens, Providing New Insights into Plant Immune System]",[Transcriptomic Analysis of Orange Fruit Treated with Pomegranate Peel Extract (PGE)],[PLANTS-BASEL],[8],[4],[],[101],[4]
719,"[Pharmacogenomics of Drug Metabolizing Enzymes and Transporters: Relevance to Precision Medicine (vol 14, pg 298, 2016)]",[Mechanical and delamination studies on siliconized chitosan and morinda-citrifolia natural fiber-reinforced epoxy composite in drilling],[POLYMER COMPOSITES],[],[],[],[],[]
720,"[Pharmacogenomics of Drug Metabolizing Enzymes and Transporters: Relevance to Precision Medicine (vol 14, pg 298, 2016)]",[The Advantages and Challenges of Diversity in Pharmacogenomics: Can Minority Populations Bring Us Closer to Implementation?],[CLINICAL PHARMACOLOGY & THERAPEUTICS],[106],[2],[338-349],[AUG 2019],[3]
721,"[Pharmacogenomics of Drug Metabolizing Enzymes and Transporters: Relevance to Precision Medicine (vol 14, pg 298, 2016)]",[Sexual Dimorphism in Drug Metabolism and Pharmacokinetics],[CURRENT DRUG METABOLISM],[20],[14],[1154-1166],[2019],[1]
722,[Meta -analysis Reveals Potential Influence of Oxidative Stress on the Airway Microbiomes of Cystic Fibrosis Patients],[Novel Anti-Inflammatory Approaches for Cystic Fibrosis Lung Disease: Identification of Molecular Targets and Design of Innovative Therapies],[FRONTIERS IN PHARMACOLOGY],[11],[],[],[JUL 23 2020],[]
723,[Meta -analysis Reveals Potential Influence of Oxidative Stress on the Airway Microbiomes of Cystic Fibrosis Patients],[The Microbiome in Cystic Fibrosis Pulmonary Disease],[GENES],[11],[5],[],[536],[3]
724,[Identification of Cognitive Dysfunction in Patients with T2DM Using Whole Brain Functional Connectivity],[Altered Functional Hubs and Connectivity in Type 2 Diabetes Mellitus Without Mild Cognitive Impairment],[FRONTIERS IN NEUROLOGY],[11],[],[],[SEP 11 2020],[]
725,[Identification of Cognitive Dysfunction in Patients with T2DM Using Whole Brain Functional Connectivity],[Big Data and the Brain: Peeking at the Future PREFACE],[GENOMICS PROTEOMICS & BIOINFORMATICS],[17],[4],[],[],[]
726,[Diversified Application of Barcoded PLATO (PLATO-BC) Platform for Identification of Protein Interactions],"[Effects of Different Dietary Vegetable Lipid Sources on Health Status in Nile Tilapia (Oreochromis niloticus): Haematological Indices, Immune Response Parameters and Plasma Proteome]",[ANIMALS],[10],[8],[],[1377],[]
727,[Diversified Application of Barcoded PLATO (PLATO-BC) Platform for Identification of Protein Interactions],[Nucleolar protein NOP2/NSUN1 suppresses HIV-1 transcription and promotes viral latency by competing with Tat for TAR binding and methylation],[PLOS PATHOGENS],[16],[3],[],[e1008430],[1]
728,[TELS: A Novel Computational Framework for Identifying Motif Signatures of Transcribed Enhancers],[EnContact: predicting enhancer-enhancer contacts using sequence-based deep learning model],[PEERJ],[7],[],[],[SEP 13 2019],[]
729,[TELS: A Novel Computational Framework for Identifying Motif Signatures of Transcribed Enhancers],[Computational Biology Solutions to Identify Enhancers-target Gene Pairs],[COMPUTATIONAL AND STRUCTURAL BIOTECHNOLOGY JOURNAL],[17],[],[],[],[]
730,[RGAAT: A Reference-based Genome Assembly and Annotation Tool for New Genomes and Upgrade of Known Genomes],[Structural and Functional Annotation of Transposable Elements Revealed a Potential Regulation of Genes Involved in Rubber Biosynthesis by TE-Derived siRNA Interference inHevea brasiliensis],[INTERNATIONAL JOURNAL OF MOLECULAR SCIENCES],[21],[12],[],[4220],[]
731,[RGAAT: A Reference-based Genome Assembly and Annotation Tool for New Genomes and Upgrade of Known Genomes],[Evolutionary superscaffolding and chromosome anchoring to improve Anopheles genome assemblies],[BMC BIOLOGY],[18],[1],[],[1],[2]
732,[TICA: Transcriptional Interaction and Coregulation Analyzer],[NAUTICA: classifying transcription factor interactions by positional and protein-protein interaction information],[BIOLOGY DIRECT],[15],[1],[],[13],[]
733,[TICA: Transcriptional Interaction and Coregulation Analyzer],[PyGMQL: scalable data extraction and analysis for heterogeneous genomic datasets],[BMC BIOINFORMATICS],[20],[1],[],[560],[2]
734,[GAAD: A Gene and Autoimmiune Disease Association Database],[ncRI: a manually curated database for experimentally validated non-coding RNAs in inflammation],[BMC GENOMICS],[21],[1],[],[380],[]
736,[Comparative Analysis of Human Genes Frequently and Occasionally Regulated by m(6)A Modification],[m6Acorr: an online tool for the correction and comparison of m(6)A methylation profiles],[BMC BIOINFORMATICS],[21],[1],[],[31],[]
737,[Comparative Analysis of Human Genes Frequently and Occasionally Regulated by m(6)A Modification],[Identifying potential drug targets in hepatocellular carcinoma based on network analysis and one-class support vector machine],[SCIENTIFIC REPORTS],[9],[],[],[JUL 18 2019],[2]
738,[SPOT-Disorder2: Improved Protein Intrinsic Disorder Prediction by Ensembled Deep Learning],[Predicting Secondary Structure Propensities in IDPs Using Simple Statistics from Three-Residue Fragments],[JOURNAL OF MOLECULAR BIOLOGY],[432],[19],[5447-5459],[SEP 4 2020],[]
739,[Schizophrenia -associated MicroRNA?Gene Interactions in the Dorsolateral Prefrontal Cortex],[Epigenomic Dysregulation in Schizophrenia: In Search of Disease Etiology and Biomarkers],[CELLS],[9],[8],[],[1837],[]
740,[Large-scale Identification and Time -course Quantification of Ubiquitylation Events During Maize Seedling De -etiolation],[A comprehensive analysis of the lysine acetylome reveals diverse functions of acetylated proteins during de -etiolation in Zea mays],[JOURNAL OF PLANT PHYSIOLOGY],[248],[],[],[MAY 2020],[]
741,[Tung Tree (Vernicia fordii) Genome Provides A Resource for Understanding Genome Evolution and Improved Oil Production],[Flower biology and ontogeny of the tung tree (Vernicia fordiiHemsl.)],[TREES-STRUCTURE AND FUNCTION],[],[],[],[],[]
742,[MakeHub: Fully Automated Generation of UCSC Genome Browser Assembly Hubs],[An initial comparative genomic autopsy of wasting disease in sea stars],[MOLECULAR ECOLOGY],[29],[6],[1087-1102],[MAR 2020],[]
743,[VPOT: A Customizable Variant Prioritization Ordering Tool for Annotated Variants],[Identifying adaptive alleles in the human genome: from selection mapping to functional validation],[HUMAN GENETICS],[],[],[],[],[]
744,[DeepCPI: A Deep Learning-based Framework for Large-scale in silico Drug Screening],[MONN: A Multi-objective Neural Network for Predicting Compound-Protein Interactions and Affinities],[CELL SYSTEMS],[10],[4],[308-+],[APR 22 2020],[1]
745,[CircAST: Full-length Assembly and Quantification of Alternatively Spliced Isoforms in Circular RNAs],[The mechanism and detection of alternative splicing events in circular RNAs],[PEERJ],[8],[],[],[SEP 25 2020],[]
746,[How Big Data and High-performance Computing Drive Brain Science],[Big Data and the Brain: Peeking at the Future PREFACE],[GENOMICS PROTEOMICS & BIOINFORMATICS],[17],[4],[],[],[]
747,[Challenges of Processing and Analyzing Big Data in Mesoscopic Whole-brain Imaging],[Big Data and the Brain: Peeking at the Future PREFACE],[GENOMICS PROTEOMICS & BIOINFORMATICS],[17],[4],[],[],[]
748,[Application of Computational Biology to Decode Brain Transcriptomes],[Big Data and the Brain: Peeking at the Future PREFACE],[GENOMICS PROTEOMICS & BIOINFORMATICS],[17],[4],[],[],[]
749,[Functional Neuroimaging in the New Era of Big Data],[Big Data and the Brain: Peeking at the Future PREFACE],[GENOMICS PROTEOMICS & BIOINFORMATICS],[17],[4],[],[],[]
750,[PsyMuKB: An Integrative De Novo Variant Knowledge Base for Developmental Disorders],[Big Data and the Brain: Peeking at the Future PREFACE],[GENOMICS PROTEOMICS & BIOINFORMATICS],[17],[4],[],[],[]
751,[Brain Banks Spur New Frontiers in Neuropsychiatric Research and Strategies for Analysis and Validation],[Big Data and the Brain: Peeking at the Future PREFACE],[GENOMICS PROTEOMICS & BIOINFORMATICS],[17],[4],[],[],[]
752,"[gFACs: Gene Filtering, Analysis, and Conversion to Unify Genome Annotations Across Alignment and Gene Prediction Frameworks]",[Comparative genomics of six Juglans species reveals disease-associated gene family contractions],[PLANT JOURNAL],[102],[2],[410-423],[APR 2020],[2]
753,[H3K27me3 Signal in the Cis Regulatory Elements Reveals the Differentiation Potential of Progenitors During Drosophila Neuroglial Development],"[Mitochondrial Dysfunction, Neurogenesis, and Epigenetics: Putative Implications for Amyotrophic Lateral Sclerosis Neurodegeneration and Treatment]",[FRONTIERS IN NEUROSCIENCE],[14],[],[],[JUL 15 2020],[]
754,[Chronic Food Antigen-specific IgG-mediated Hypersensitivity Reaction as A Risk Factor for Adolescent Depressive Disorder],[Oligoantigenic Diet Improves Children's ADHD Rating Scale Scores Reliably in Added Video-Rating],[FRONTIERS IN PSYCHIATRY],[11],[],[],[AUG 20 2020],[]
755,[The Fast Track for Microbiome Research PREFACE],[A practical guide to amplicon and metagenomic analysis of microbiome data],[PROTEIN & CELL],[],[],[],[],[1]
757,[The Genome of Opium Poppy Reveals Evolutionary History of Morphinan Pathway],"[GoldCLIP: Gel-omitted Ligation-dependent CLIP (vol 16, pg 136, 2018)]","[\n, \n]",[16],[3],[221-222],[JUN 2018],[]
759,[Ancestry Painter: A Graphic Program for Displaying Ancestry Composition of Populations and Individuals],[Genetic structure of Mataco-Guaycuru speakers from Argentina and the extent of their genetic admixture with neighbouring urban populations],[SCIENTIFIC REPORTS],[9],[],[],[NOV 26 2019],[]
760,[Polyphyly in 16S rRNA-based LVTree Versus Monophyly in Whole-genome-based CVTree],[A Scientist Guerilla Fighter in the Frontiers of Bioinformatics-In Memory of Bailin Hao],[GENOMICS PROTEOMICS & BIOINFORMATICS],[16],[5],[307-309],[OCT 2018],[]
761,[Lessons Learned as President of the Institute for Systems Biology (2000-2018)],[Tissue and plasma proteomics for early stage cancer detection],[MOLECULAR OMICS],[14],[6],[405-423],[DEC 2018],[8]
